record_id,record_type,entity_id,metric_id,category_id,value,unit,currency,scale,as_of_date,period_start,period_end,period_type,frequency,source_type,source_name,page_table,provider,retrieved_date,book_of_record,return_method,gross_net,valuation_status,benchmark_id,method_id,quality_status,note,schema_version
REC-0001,monthly_return,DEMOFUND,net_return_m,GROWTH,-0.0347,%,USD,1,2025-07-31,2025-07-01,2025-07-31,M,Monthly,workbook,Inputs_Portfolio,monthly returns grid,synthetic generator,2026-08-04,IBOR,TWR,net,final,,monthly_net_return,ok,,1.0.0
REC-0002,monthly_return,DEMOFUND,net_return_m,CREDIT,0.0179,%,USD,1,2025-07-31,2025-07-01,2025-07-31,M,Monthly,workbook,Inputs_Portfolio,monthly returns grid,synthetic generator,2026-08-04,IBOR,TWR,net,final,,monthly_net_return,ok,,1.0.0
REC-0003,monthly_return,DEMOFUND,net_return_m,RAIH,0.0027,%,USD,1,2025-07-31,2025-07-01,2025-07-31,M,Monthly,workbook,Inputs_Portfolio,monthly returns grid,synthetic generator,2026-08-04,IBOR,TWR,net,final,,monthly_net_return,ok,,1.0.0
REC-0004,monthly_return,DEMOFUND,net_return_m,RRM,0.0087,%,USD,1,2025-07-31,2025-07-01,2025-07-31,M,Monthly,workbook,Inputs_Portfolio,monthly returns grid,synthetic generator,2026-08-04,IBOR,TWR,net,final,,monthly_net_return,ok,,1.0.0
REC-0005,monthly_return,DEMOFUND,net_return_m,OVERLAY,0.004,%,USD,1,2025-07-31,2025-07-01,2025-07-31,M,Monthly,workbook,Inputs_Portfolio,monthly returns grid,synthetic generator,2026-08-04,IBOR,TWR,net,final,,monthly_net_return,ok,,1.0.0
REC-0006,monthly_return,DEMOFUND,net_return_m,OTHER,0,%,USD,1,2025-07-31,2025-07-01,2025-07-31,M,Monthly,workbook,Inputs_Portfolio,monthly returns grid,synthetic generator,2026-08-04,IBOR,TWR,net,final,,monthly_net_return,ok,,1.0.0
REC-0007,monthly_return,DEMOFUND,net_return_m,TOTAL,-0.0113375,%,USD,1,2025-07-31,2025-07-01,2025-07-31,M,Monthly,workbook,Calc_Returns,TF monthly SUMPRODUCT,workbook formulas,2026-08-04,IBOR,TWR,net,final,,bop_weighted_sum,ok,,1.0.0
REC-0008,monthly_benchmark_return,DEMOFUND,bench_return_m,GROWTH,-0.0445,%,USD,1,2025-07-31,2025-07-01,2025-07-31,M,Monthly,workbook,Inputs_Portfolio,benchmark grid,synthetic generator,2026-08-04,n/a,TWR,net,final,BM-GROWTH,,ok,,1.0.0
REC-0009,monthly_benchmark_return,DEMOFUND,bench_return_m,CREDIT,0.0172,%,USD,1,2025-07-31,2025-07-01,2025-07-31,M,Monthly,workbook,Inputs_Portfolio,benchmark grid,synthetic generator,2026-08-04,n/a,TWR,net,final,BM-CREDIT,,ok,,1.0.0
REC-0010,monthly_benchmark_return,DEMOFUND,bench_return_m,RAIH,-0.0038,%,USD,1,2025-07-31,2025-07-01,2025-07-31,M,Monthly,workbook,Inputs_Portfolio,benchmark grid,synthetic generator,2026-08-04,n/a,TWR,net,final,BM-RAIH,,ok,,1.0.0
REC-0011,monthly_benchmark_return,DEMOFUND,bench_return_m,RRM,0.0091,%,USD,1,2025-07-31,2025-07-01,2025-07-31,M,Monthly,workbook,Inputs_Portfolio,benchmark grid,synthetic generator,2026-08-04,n/a,TWR,net,final,BM-RRM,,ok,,1.0.0
REC-0012,monthly_benchmark_return,DEMOFUND,bench_return_m,TOTAL,-0.016893,%,USD,1,2025-07-31,2025-07-01,2025-07-31,M,Monthly,workbook,Calc_Returns,policy-weighted benchmark,workbook formulas,2026-08-04,n/a,TWR,net,final,BM-TOTAL,policy_weighted_sum,ok,,1.0.0
REC-0013,monthly_return,DEMOFUND,net_return_m,GROWTH,0.0572,%,USD,1,2025-08-31,2025-08-01,2025-08-31,M,Monthly,workbook,Inputs_Portfolio,monthly returns grid,synthetic generator,2026-08-04,IBOR,TWR,net,final,,monthly_net_return,ok,,1.0.0
REC-0014,monthly_return,DEMOFUND,net_return_m,CREDIT,0.0105,%,USD,1,2025-08-31,2025-08-01,2025-08-31,M,Monthly,workbook,Inputs_Portfolio,monthly returns grid,synthetic generator,2026-08-04,IBOR,TWR,net,final,,monthly_net_return,ok,,1.0.0
REC-0015,monthly_return,DEMOFUND,net_return_m,RAIH,0.0289,%,USD,1,2025-08-31,2025-08-01,2025-08-31,M,Monthly,workbook,Inputs_Portfolio,monthly returns grid,synthetic generator,2026-08-04,IBOR,TWR,net,final,,monthly_net_return,ok,,1.0.0
REC-0016,monthly_return,DEMOFUND,net_return_m,RRM,0.0006,%,USD,1,2025-08-31,2025-08-01,2025-08-31,M,Monthly,workbook,Inputs_Portfolio,monthly returns grid,synthetic generator,2026-08-04,IBOR,TWR,net,final,,monthly_net_return,ok,,1.0.0
REC-0017,monthly_return,DEMOFUND,net_return_m,OVERLAY,0.01,%,USD,1,2025-08-31,2025-08-01,2025-08-31,M,Monthly,workbook,Inputs_Portfolio,monthly returns grid,synthetic generator,2026-08-04,IBOR,TWR,net,final,,monthly_net_return,ok,,1.0.0
REC-0018,monthly_return,DEMOFUND,net_return_m,OTHER,0,%,USD,1,2025-08-31,2025-08-01,2025-08-31,M,Monthly,workbook,Inputs_Portfolio,monthly returns grid,synthetic generator,2026-08-04,IBOR,TWR,net,final,,monthly_net_return,ok,,1.0.0
REC-0019,monthly_return,DEMOFUND,net_return_m,TOTAL,0.03234322066,%,USD,1,2025-08-31,2025-08-01,2025-08-31,M,Monthly,workbook,Calc_Returns,TF monthly SUMPRODUCT,workbook formulas,2026-08-04,IBOR,TWR,net,final,,bop_weighted_sum,ok,,1.0.0
REC-0020,monthly_benchmark_return,DEMOFUND,bench_return_m,GROWTH,0.0574,%,USD,1,2025-08-31,2025-08-01,2025-08-31,M,Monthly,workbook,Inputs_Portfolio,benchmark grid,synthetic generator,2026-08-04,n/a,TWR,net,final,BM-GROWTH,,ok,,1.0.0
REC-0021,monthly_benchmark_return,DEMOFUND,bench_return_m,CREDIT,0.0104,%,USD,1,2025-08-31,2025-08-01,2025-08-31,M,Monthly,workbook,Inputs_Portfolio,benchmark grid,synthetic generator,2026-08-04,n/a,TWR,net,final,BM-CREDIT,,ok,,1.0.0
REC-0022,monthly_benchmark_return,DEMOFUND,bench_return_m,RAIH,0.0304,%,USD,1,2025-08-31,2025-08-01,2025-08-31,M,Monthly,workbook,Inputs_Portfolio,benchmark grid,synthetic generator,2026-08-04,n/a,TWR,net,final,BM-RAIH,,ok,,1.0.0
REC-0023,monthly_benchmark_return,DEMOFUND,bench_return_m,RRM,0.0034,%,USD,1,2025-08-31,2025-08-01,2025-08-31,M,Monthly,workbook,Inputs_Portfolio,benchmark grid,synthetic generator,2026-08-04,n/a,TWR,net,final,BM-RRM,,ok,,1.0.0
REC-0024,monthly_benchmark_return,DEMOFUND,bench_return_m,TOTAL,0.03381,%,USD,1,2025-08-31,2025-08-01,2025-08-31,M,Monthly,workbook,Calc_Returns,policy-weighted benchmark,workbook formulas,2026-08-04,n/a,TWR,net,final,BM-TOTAL,policy_weighted_sum,ok,,1.0.0
REC-0025,monthly_return,DEMOFUND,net_return_m,GROWTH,-0.0129,%,USD,1,2025-09-30,2025-09-01,2025-09-30,M,Monthly,workbook,Inputs_Portfolio,monthly returns grid,synthetic generator,2026-08-04,IBOR,TWR,net,final,,monthly_net_return,ok,,1.0.0
REC-0026,monthly_return,DEMOFUND,net_return_m,CREDIT,0.0106,%,USD,1,2025-09-30,2025-09-01,2025-09-30,M,Monthly,workbook,Inputs_Portfolio,monthly returns grid,synthetic generator,2026-08-04,IBOR,TWR,net,final,,monthly_net_return,ok,,1.0.0
REC-0027,monthly_return,DEMOFUND,net_return_m,RAIH,-0.002,%,USD,1,2025-09-30,2025-09-01,2025-09-30,M,Monthly,workbook,Inputs_Portfolio,monthly returns grid,synthetic generator,2026-08-04,IBOR,TWR,net,final,,monthly_net_return,ok,,1.0.0
REC-0028,monthly_return,DEMOFUND,net_return_m,RRM,-0.0068,%,USD,1,2025-09-30,2025-09-01,2025-09-30,M,Monthly,workbook,Inputs_Portfolio,monthly returns grid,synthetic generator,2026-08-04,IBOR,TWR,net,final,,monthly_net_return,ok,,1.0.0
REC-0029,monthly_return,DEMOFUND,net_return_m,OVERLAY,0.0037,%,USD,1,2025-09-30,2025-09-01,2025-09-30,M,Monthly,workbook,Inputs_Portfolio,monthly returns grid,synthetic generator,2026-08-04,IBOR,TWR,net,final,,monthly_net_return,ok,,1.0.0
REC-0030,monthly_return,DEMOFUND,net_return_m,OTHER,0,%,USD,1,2025-09-30,2025-09-01,2025-09-30,M,Monthly,workbook,Inputs_Portfolio,monthly returns grid,synthetic generator,2026-08-04,IBOR,TWR,net,final,,monthly_net_return,ok,,1.0.0
REC-0031,monthly_return,DEMOFUND,net_return_m,TOTAL,-0.006435501746,%,USD,1,2025-09-30,2025-09-01,2025-09-30,M,Monthly,workbook,Calc_Returns,TF monthly SUMPRODUCT,workbook formulas,2026-08-04,IBOR,TWR,net,final,,bop_weighted_sum,ok,,1.0.0
REC-0032,monthly_benchmark_return,DEMOFUND,bench_return_m,GROWTH,-0.0126,%,USD,1,2025-09-30,2025-09-01,2025-09-30,M,Monthly,workbook,Inputs_Portfolio,benchmark grid,synthetic generator,2026-08-04,n/a,TWR,net,final,BM-GROWTH,,ok,,1.0.0
REC-0033,monthly_benchmark_return,DEMOFUND,bench_return_m,CREDIT,0.0168,%,USD,1,2025-09-30,2025-09-01,2025-09-30,M,Monthly,workbook,Inputs_Portfolio,benchmark grid,synthetic generator,2026-08-04,n/a,TWR,net,final,BM-CREDIT,,ok,,1.0.0
REC-0034,monthly_benchmark_return,DEMOFUND,bench_return_m,RAIH,-0.0013,%,USD,1,2025-09-30,2025-09-01,2025-09-30,M,Monthly,workbook,Inputs_Portfolio,benchmark grid,synthetic generator,2026-08-04,n/a,TWR,net,final,BM-RAIH,,ok,,1.0.0
REC-0035,monthly_benchmark_return,DEMOFUND,bench_return_m,RRM,-0.0025,%,USD,1,2025-09-30,2025-09-01,2025-09-30,M,Monthly,workbook,Inputs_Portfolio,benchmark grid,synthetic generator,2026-08-04,n/a,TWR,net,final,BM-RRM,,ok,,1.0.0
REC-0036,monthly_benchmark_return,DEMOFUND,bench_return_m,TOTAL,-0.004365,%,USD,1,2025-09-30,2025-09-01,2025-09-30,M,Monthly,workbook,Calc_Returns,policy-weighted benchmark,workbook formulas,2026-08-04,n/a,TWR,net,final,BM-TOTAL,policy_weighted_sum,ok,,1.0.0
REC-0037,monthly_return,DEMOFUND,net_return_m,GROWTH,0.025,%,USD,1,2025-10-31,2025-10-01,2025-10-31,M,Monthly,workbook,Inputs_Portfolio,monthly returns grid,synthetic generator,2026-08-04,IBOR,TWR,net,final,,monthly_net_return,ok,,1.0.0
REC-0038,monthly_return,DEMOFUND,net_return_m,CREDIT,0.0207,%,USD,1,2025-10-31,2025-10-01,2025-10-31,M,Monthly,workbook,Inputs_Portfolio,monthly returns grid,synthetic generator,2026-08-04,IBOR,TWR,net,final,,monthly_net_return,ok,,1.0.0
REC-0039,monthly_return,DEMOFUND,net_return_m,RAIH,-0.0018,%,USD,1,2025-10-31,2025-10-01,2025-10-31,M,Monthly,workbook,Inputs_Portfolio,monthly returns grid,synthetic generator,2026-08-04,IBOR,TWR,net,final,,monthly_net_return,ok,,1.0.0
REC-0040,monthly_return,DEMOFUND,net_return_m,RRM,-0.0094,%,USD,1,2025-10-31,2025-10-01,2025-10-31,M,Monthly,workbook,Inputs_Portfolio,monthly returns grid,synthetic generator,2026-08-04,IBOR,TWR,net,final,,monthly_net_return,ok,,1.0.0
REC-0041,monthly_return,DEMOFUND,net_return_m,OVERLAY,0.0007,%,USD,1,2025-10-31,2025-10-01,2025-10-31,M,Monthly,workbook,Inputs_Portfolio,monthly returns grid,synthetic generator,2026-08-04,IBOR,TWR,net,final,,monthly_net_return,ok,,1.0.0
REC-0042,monthly_return,DEMOFUND,net_return_m,OTHER,0,%,USD,1,2025-10-31,2025-10-01,2025-10-31,M,Monthly,workbook,Inputs_Portfolio,monthly returns grid,synthetic generator,2026-08-04,IBOR,TWR,net,final,,monthly_net_return,ok,,1.0.0
REC-0043,monthly_return,DEMOFUND,net_return_m,TOTAL,0.01205485273,%,USD,1,2025-10-31,2025-10-01,2025-10-31,M,Monthly,workbook,Calc_Returns,TF monthly SUMPRODUCT,workbook formulas,2026-08-04,IBOR,TWR,net,final,,bop_weighted_sum,ok,,1.0.0
REC-0044,monthly_benchmark_return,DEMOFUND,bench_return_m,GROWTH,0.0189,%,USD,1,2025-10-31,2025-10-01,2025-10-31,M,Monthly,workbook,Inputs_Portfolio,benchmark grid,synthetic generator,2026-08-04,n/a,TWR,net,final,BM-GROWTH,,ok,,1.0.0
REC-0045,monthly_benchmark_return,DEMOFUND,bench_return_m,CREDIT,0.0207,%,USD,1,2025-10-31,2025-10-01,2025-10-31,M,Monthly,workbook,Inputs_Portfolio,benchmark grid,synthetic generator,2026-08-04,n/a,TWR,net,final,BM-CREDIT,,ok,,1.0.0
REC-0046,monthly_benchmark_return,DEMOFUND,bench_return_m,RAIH,-0.0006,%,USD,1,2025-10-31,2025-10-01,2025-10-31,M,Monthly,workbook,Inputs_Portfolio,benchmark grid,synthetic generator,2026-08-04,n/a,TWR,net,final,BM-RAIH,,ok,,1.0.0
REC-0047,monthly_benchmark_return,DEMOFUND,bench_return_m,RRM,-0.0082,%,USD,1,2025-10-31,2025-10-01,2025-10-31,M,Monthly,workbook,Inputs_Portfolio,benchmark grid,synthetic generator,2026-08-04,n/a,TWR,net,final,BM-RRM,,ok,,1.0.0
REC-0048,monthly_benchmark_return,DEMOFUND,bench_return_m,TOTAL,0.009723,%,USD,1,2025-10-31,2025-10-01,2025-10-31,M,Monthly,workbook,Calc_Returns,policy-weighted benchmark,workbook formulas,2026-08-04,n/a,TWR,net,final,BM-TOTAL,policy_weighted_sum,ok,,1.0.0
REC-0049,monthly_return,DEMOFUND,net_return_m,GROWTH,-0.0059,%,USD,1,2025-11-30,2025-11-01,2025-11-30,M,Monthly,workbook,Inputs_Portfolio,monthly returns grid,synthetic generator,2026-08-04,IBOR,TWR,net,final,,monthly_net_return,ok,,1.0.0
REC-0050,monthly_return,DEMOFUND,net_return_m,CREDIT,-0.0023,%,USD,1,2025-11-30,2025-11-01,2025-11-30,M,Monthly,workbook,Inputs_Portfolio,monthly returns grid,synthetic generator,2026-08-04,IBOR,TWR,net,final,,monthly_net_return,ok,,1.0.0
REC-0051,monthly_return,DEMOFUND,net_return_m,RAIH,0.0019,%,USD,1,2025-11-30,2025-11-01,2025-11-30,M,Monthly,workbook,Inputs_Portfolio,monthly returns grid,synthetic generator,2026-08-04,IBOR,TWR,net,final,,monthly_net_return,ok,,1.0.0
REC-0052,monthly_return,DEMOFUND,net_return_m,RRM,0.019,%,USD,1,2025-11-30,2025-11-01,2025-11-30,M,Monthly,workbook,Inputs_Portfolio,monthly returns grid,synthetic generator,2026-08-04,IBOR,TWR,net,final,,monthly_net_return,ok,,1.0.0
REC-0053,monthly_return,DEMOFUND,net_return_m,OVERLAY,0.0041,%,USD,1,2025-11-30,2025-11-01,2025-11-30,M,Monthly,workbook,Inputs_Portfolio,monthly returns grid,synthetic generator,2026-08-04,IBOR,TWR,net,final,,monthly_net_return,ok,,1.0.0
REC-0054,monthly_return,DEMOFUND,net_return_m,OTHER,0,%,USD,1,2025-11-30,2025-11-01,2025-11-30,M,Monthly,workbook,Inputs_Portfolio,monthly returns grid,synthetic generator,2026-08-04,IBOR,TWR,net,final,,monthly_net_return,ok,,1.0.0
REC-0055,monthly_return,DEMOFUND,net_return_m,TOTAL,0.001578562549,%,USD,1,2025-11-30,2025-11-01,2025-11-30,M,Monthly,workbook,Calc_Returns,TF monthly SUMPRODUCT,workbook formulas,2026-08-04,IBOR,TWR,net,final,,bop_weighted_sum,ok,,1.0.0
REC-0056,monthly_benchmark_return,DEMOFUND,bench_return_m,GROWTH,-0.0004,%,USD,1,2025-11-30,2025-11-01,2025-11-30,M,Monthly,workbook,Inputs_Portfolio,benchmark grid,synthetic generator,2026-08-04,n/a,TWR,net,final,BM-GROWTH,,ok,,1.0.0
REC-0057,monthly_benchmark_return,DEMOFUND,bench_return_m,CREDIT,-0.0036,%,USD,1,2025-11-30,2025-11-01,2025-11-30,M,Monthly,workbook,Inputs_Portfolio,benchmark grid,synthetic generator,2026-08-04,n/a,TWR,net,final,BM-CREDIT,,ok,,1.0.0
REC-0058,monthly_benchmark_return,DEMOFUND,bench_return_m,RAIH,0.0013,%,USD,1,2025-11-30,2025-11-01,2025-11-30,M,Monthly,workbook,Inputs_Portfolio,benchmark grid,synthetic generator,2026-08-04,n/a,TWR,net,final,BM-RAIH,,ok,,1.0.0
REC-0059,monthly_benchmark_return,DEMOFUND,bench_return_m,RRM,0.0222,%,USD,1,2025-11-30,2025-11-01,2025-11-30,M,Monthly,workbook,Inputs_Portfolio,benchmark grid,synthetic generator,2026-08-04,n/a,TWR,net,final,BM-RRM,,ok,,1.0.0
REC-0060,monthly_benchmark_return,DEMOFUND,bench_return_m,TOTAL,0.004831,%,USD,1,2025-11-30,2025-11-01,2025-11-30,M,Monthly,workbook,Calc_Returns,policy-weighted benchmark,workbook formulas,2026-08-04,n/a,TWR,net,final,BM-TOTAL,policy_weighted_sum,ok,,1.0.0
REC-0061,monthly_return,DEMOFUND,net_return_m,GROWTH,0.0533,%,USD,1,2025-12-31,2025-12-01,2025-12-31,M,Monthly,workbook,Inputs_Portfolio,monthly returns grid,synthetic generator,2026-08-04,IBOR,TWR,net,final,,monthly_net_return,ok,,1.0.0
REC-0062,monthly_return,DEMOFUND,net_return_m,CREDIT,-0.0007,%,USD,1,2025-12-31,2025-12-01,2025-12-31,M,Monthly,workbook,Inputs_Portfolio,monthly returns grid,synthetic generator,2026-08-04,IBOR,TWR,net,final,,monthly_net_return,ok,,1.0.0
REC-0063,monthly_return,DEMOFUND,net_return_m,RAIH,0.0153,%,USD,1,2025-12-31,2025-12-01,2025-12-31,M,Monthly,workbook,Inputs_Portfolio,monthly returns grid,synthetic generator,2026-08-04,IBOR,TWR,net,final,,monthly_net_return,ok,,1.0.0
REC-0064,monthly_return,DEMOFUND,net_return_m,RRM,-0.0153,%,USD,1,2025-12-31,2025-12-01,2025-12-31,M,Monthly,workbook,Inputs_Portfolio,monthly returns grid,synthetic generator,2026-08-04,IBOR,TWR,net,final,,monthly_net_return,ok,,1.0.0
REC-0065,monthly_return,DEMOFUND,net_return_m,OVERLAY,0.01,%,USD,1,2025-12-31,2025-12-01,2025-12-31,M,Monthly,workbook,Inputs_Portfolio,monthly returns grid,synthetic generator,2026-08-04,IBOR,TWR,net,final,,monthly_net_return,ok,,1.0.0
REC-0066,monthly_return,DEMOFUND,net_return_m,OTHER,0,%,USD,1,2025-12-31,2025-12-01,2025-12-31,M,Monthly,workbook,Inputs_Portfolio,monthly returns grid,synthetic generator,2026-08-04,IBOR,TWR,net,final,,monthly_net_return,ok,,1.0.0
REC-0067,monthly_return,DEMOFUND,net_return_m,TOTAL,0.02337992933,%,USD,1,2025-12-31,2025-12-01,2025-12-31,M,Monthly,workbook,Calc_Returns,TF monthly SUMPRODUCT,workbook formulas,2026-08-04,IBOR,TWR,net,final,,bop_weighted_sum,ok,,1.0.0
REC-0068,monthly_benchmark_return,DEMOFUND,bench_return_m,GROWTH,0.0538,%,USD,1,2025-12-31,2025-12-01,2025-12-31,M,Monthly,workbook,Inputs_Portfolio,benchmark grid,synthetic generator,2026-08-04,n/a,TWR,net,final,BM-GROWTH,,ok,,1.0.0
REC-0069,monthly_benchmark_return,DEMOFUND,bench_return_m,CREDIT,0.0038,%,USD,1,2025-12-31,2025-12-01,2025-12-31,M,Monthly,workbook,Inputs_Portfolio,benchmark grid,synthetic generator,2026-08-04,n/a,TWR,net,final,BM-CREDIT,,ok,,1.0.0
REC-0070,monthly_benchmark_return,DEMOFUND,bench_return_m,RAIH,0.0116,%,USD,1,2025-12-31,2025-12-01,2025-12-31,M,Monthly,workbook,Inputs_Portfolio,benchmark grid,synthetic generator,2026-08-04,n/a,TWR,net,final,BM-RAIH,,ok,,1.0.0
REC-0071,monthly_benchmark_return,DEMOFUND,bench_return_m,RRM,-0.0105,%,USD,1,2025-12-31,2025-12-01,2025-12-31,M,Monthly,workbook,Inputs_Portfolio,benchmark grid,synthetic generator,2026-08-04,n/a,TWR,net,final,BM-RRM,,ok,,1.0.0
REC-0072,monthly_benchmark_return,DEMOFUND,bench_return_m,TOTAL,0.025038,%,USD,1,2025-12-31,2025-12-01,2025-12-31,M,Monthly,workbook,Calc_Returns,policy-weighted benchmark,workbook formulas,2026-08-04,n/a,TWR,net,final,BM-TOTAL,policy_weighted_sum,ok,,1.0.0
REC-0073,monthly_return,DEMOFUND,net_return_m,GROWTH,0.0304,%,USD,1,2026-01-31,2026-01-01,2026-01-31,M,Monthly,workbook,Inputs_Portfolio,monthly returns grid,synthetic generator,2026-08-04,IBOR,TWR,net,final,,monthly_net_return,ok,,1.0.0
REC-0074,monthly_return,DEMOFUND,net_return_m,CREDIT,0.0005,%,USD,1,2026-01-31,2026-01-01,2026-01-31,M,Monthly,workbook,Inputs_Portfolio,monthly returns grid,synthetic generator,2026-08-04,IBOR,TWR,net,final,,monthly_net_return,ok,,1.0.0
REC-0075,monthly_return,DEMOFUND,net_return_m,RAIH,0.0086,%,USD,1,2026-01-31,2026-01-01,2026-01-31,M,Monthly,workbook,Inputs_Portfolio,monthly returns grid,synthetic generator,2026-08-04,IBOR,TWR,net,final,,monthly_net_return,ok,,1.0.0
REC-0076,monthly_return,DEMOFUND,net_return_m,RRM,0.0097,%,USD,1,2026-01-31,2026-01-01,2026-01-31,M,Monthly,workbook,Inputs_Portfolio,monthly returns grid,synthetic generator,2026-08-04,IBOR,TWR,net,final,,monthly_net_return,ok,,1.0.0
REC-0077,monthly_return,DEMOFUND,net_return_m,OVERLAY,0.0035,%,USD,1,2026-01-31,2026-01-01,2026-01-31,M,Monthly,workbook,Inputs_Portfolio,monthly returns grid,synthetic generator,2026-08-04,IBOR,TWR,net,final,,monthly_net_return,ok,,1.0.0
REC-0078,monthly_return,DEMOFUND,net_return_m,OTHER,0,%,USD,1,2026-01-31,2026-01-01,2026-01-31,M,Monthly,workbook,Inputs_Portfolio,monthly returns grid,synthetic generator,2026-08-04,IBOR,TWR,net,final,,monthly_net_return,ok,,1.0.0
REC-0079,monthly_return,DEMOFUND,net_return_m,TOTAL,0.01816289676,%,USD,1,2026-01-31,2026-01-01,2026-01-31,M,Monthly,workbook,Calc_Returns,TF monthly SUMPRODUCT,workbook formulas,2026-08-04,IBOR,TWR,net,final,,bop_weighted_sum,ok,,1.0.0
REC-0080,monthly_benchmark_return,DEMOFUND,bench_return_m,GROWTH,0.0319,%,USD,1,2026-01-31,2026-01-01,2026-01-31,M,Monthly,workbook,Inputs_Portfolio,benchmark grid,synthetic generator,2026-08-04,n/a,TWR,net,final,BM-GROWTH,,ok,,1.0.0
REC-0081,monthly_benchmark_return,DEMOFUND,bench_return_m,CREDIT,0.0003,%,USD,1,2026-01-31,2026-01-01,2026-01-31,M,Monthly,workbook,Inputs_Portfolio,benchmark grid,synthetic generator,2026-08-04,n/a,TWR,net,final,BM-CREDIT,,ok,,1.0.0
REC-0082,monthly_benchmark_return,DEMOFUND,bench_return_m,RAIH,0.0086,%,USD,1,2026-01-31,2026-01-01,2026-01-31,M,Monthly,workbook,Inputs_Portfolio,benchmark grid,synthetic generator,2026-08-04,n/a,TWR,net,final,BM-RAIH,,ok,,1.0.0
REC-0083,monthly_benchmark_return,DEMOFUND,bench_return_m,RRM,0.0054,%,USD,1,2026-01-31,2026-01-01,2026-01-31,M,Monthly,workbook,Inputs_Portfolio,benchmark grid,synthetic generator,2026-08-04,n/a,TWR,net,final,BM-RRM,,ok,,1.0.0
REC-0084,monthly_benchmark_return,DEMOFUND,bench_return_m,TOTAL,0.017937,%,USD,1,2026-01-31,2026-01-01,2026-01-31,M,Monthly,workbook,Calc_Returns,policy-weighted benchmark,workbook formulas,2026-08-04,n/a,TWR,net,final,BM-TOTAL,policy_weighted_sum,ok,,1.0.0
REC-0085,monthly_return,DEMOFUND,net_return_m,GROWTH,-0.0061,%,USD,1,2026-02-28,2026-02-01,2026-02-28,M,Monthly,workbook,Inputs_Portfolio,monthly returns grid,synthetic generator,2026-08-04,IBOR,TWR,net,final,,monthly_net_return,ok,,1.0.0
REC-0086,monthly_return,DEMOFUND,net_return_m,CREDIT,0.0084,%,USD,1,2026-02-28,2026-02-01,2026-02-28,M,Monthly,workbook,Inputs_Portfolio,monthly returns grid,synthetic generator,2026-08-04,IBOR,TWR,net,final,,monthly_net_return,ok,,1.0.0
REC-0087,monthly_return,DEMOFUND,net_return_m,RAIH,-0.0053,%,USD,1,2026-02-28,2026-02-01,2026-02-28,M,Monthly,workbook,Inputs_Portfolio,monthly returns grid,synthetic generator,2026-08-04,IBOR,TWR,net,final,,monthly_net_return,ok,,1.0.0
REC-0088,monthly_return,DEMOFUND,net_return_m,RRM,0.0034,%,USD,1,2026-02-28,2026-02-01,2026-02-28,M,Monthly,workbook,Inputs_Portfolio,monthly returns grid,synthetic generator,2026-08-04,IBOR,TWR,net,final,,monthly_net_return,ok,,1.0.0
REC-0089,monthly_return,DEMOFUND,net_return_m,OVERLAY,-0.0008,%,USD,1,2026-02-28,2026-02-01,2026-02-28,M,Monthly,workbook,Inputs_Portfolio,monthly returns grid,synthetic generator,2026-08-04,IBOR,TWR,net,final,,monthly_net_return,ok,,1.0.0
REC-0090,monthly_return,DEMOFUND,net_return_m,OTHER,0,%,USD,1,2026-02-28,2026-02-01,2026-02-28,M,Monthly,workbook,Inputs_Portfolio,monthly returns grid,synthetic generator,2026-08-04,IBOR,TWR,net,final,,monthly_net_return,ok,,1.0.0
REC-0091,monthly_return,DEMOFUND,net_return_m,TOTAL,-0.001832589646,%,USD,1,2026-02-28,2026-02-01,2026-02-28,M,Monthly,workbook,Calc_Returns,TF monthly SUMPRODUCT,workbook formulas,2026-08-04,IBOR,TWR,net,final,,bop_weighted_sum,ok,,1.0.0
REC-0092,monthly_benchmark_return,DEMOFUND,bench_return_m,GROWTH,-0.0032,%,USD,1,2026-02-28,2026-02-01,2026-02-28,M,Monthly,workbook,Inputs_Portfolio,benchmark grid,synthetic generator,2026-08-04,n/a,TWR,net,final,BM-GROWTH,,ok,,1.0.0
REC-0093,monthly_benchmark_return,DEMOFUND,bench_return_m,CREDIT,0.0058,%,USD,1,2026-02-28,2026-02-01,2026-02-28,M,Monthly,workbook,Inputs_Portfolio,benchmark grid,synthetic generator,2026-08-04,n/a,TWR,net,final,BM-CREDIT,,ok,,1.0.0
REC-0094,monthly_benchmark_return,DEMOFUND,bench_return_m,RAIH,-0.0039,%,USD,1,2026-02-28,2026-02-01,2026-02-28,M,Monthly,workbook,Inputs_Portfolio,benchmark grid,synthetic generator,2026-08-04,n/a,TWR,net,final,BM-RAIH,,ok,,1.0.0
REC-0095,monthly_benchmark_return,DEMOFUND,bench_return_m,RRM,-0.0025,%,USD,1,2026-02-28,2026-02-01,2026-02-28,M,Monthly,workbook,Inputs_Portfolio,benchmark grid,synthetic generator,2026-08-04,n/a,TWR,net,final,BM-RRM,,ok,,1.0.0
REC-0096,monthly_benchmark_return,DEMOFUND,bench_return_m,TOTAL,-0.001967,%,USD,1,2026-02-28,2026-02-01,2026-02-28,M,Monthly,workbook,Calc_Returns,policy-weighted benchmark,workbook formulas,2026-08-04,n/a,TWR,net,final,BM-TOTAL,policy_weighted_sum,ok,,1.0.0
REC-0097,monthly_return,DEMOFUND,net_return_m,GROWTH,0.0105,%,USD,1,2026-03-31,2026-03-01,2026-03-31,M,Monthly,workbook,Inputs_Portfolio,monthly returns grid,synthetic generator,2026-08-04,IBOR,TWR,net,final,,monthly_net_return,ok,,1.0.0
REC-0098,monthly_return,DEMOFUND,net_return_m,CREDIT,0.0095,%,USD,1,2026-03-31,2026-03-01,2026-03-31,M,Monthly,workbook,Inputs_Portfolio,monthly returns grid,synthetic generator,2026-08-04,IBOR,TWR,net,final,,monthly_net_return,ok,,1.0.0
REC-0099,monthly_return,DEMOFUND,net_return_m,RAIH,0.0065,%,USD,1,2026-03-31,2026-03-01,2026-03-31,M,Monthly,workbook,Inputs_Portfolio,monthly returns grid,synthetic generator,2026-08-04,IBOR,TWR,net,final,,monthly_net_return,ok,,1.0.0
REC-0100,monthly_return,DEMOFUND,net_return_m,RRM,0.0091,%,USD,1,2026-03-31,2026-03-01,2026-03-31,M,Monthly,workbook,Inputs_Portfolio,monthly returns grid,synthetic generator,2026-08-04,IBOR,TWR,net,final,,monthly_net_return,ok,,1.0.0
REC-0101,monthly_return,DEMOFUND,net_return_m,OVERLAY,0.0028,%,USD,1,2026-03-31,2026-03-01,2026-03-31,M,Monthly,workbook,Inputs_Portfolio,monthly returns grid,synthetic generator,2026-08-04,IBOR,TWR,net,final,,monthly_net_return,ok,,1.0.0
REC-0102,monthly_return,DEMOFUND,net_return_m,OTHER,0,%,USD,1,2026-03-31,2026-03-01,2026-03-31,M,Monthly,workbook,Inputs_Portfolio,monthly returns grid,synthetic generator,2026-08-04,IBOR,TWR,net,final,,monthly_net_return,ok,,1.0.0
REC-0103,monthly_return,DEMOFUND,net_return_m,TOTAL,0.009419540595,%,USD,1,2026-03-31,2026-03-01,2026-03-31,M,Monthly,workbook,Calc_Returns,TF monthly SUMPRODUCT,workbook formulas,2026-08-04,IBOR,TWR,net,final,,bop_weighted_sum,ok,,1.0.0
REC-0104,monthly_benchmark_return,DEMOFUND,bench_return_m,GROWTH,0.0138,%,USD,1,2026-03-31,2026-03-01,2026-03-31,M,Monthly,workbook,Inputs_Portfolio,benchmark grid,synthetic generator,2026-08-04,n/a,TWR,net,final,BM-GROWTH,,ok,,1.0.0
REC-0105,monthly_benchmark_return,DEMOFUND,bench_return_m,CREDIT,0.0013,%,USD,1,2026-03-31,2026-03-01,2026-03-31,M,Monthly,workbook,Inputs_Portfolio,benchmark grid,synthetic generator,2026-08-04,n/a,TWR,net,final,BM-CREDIT,,ok,,1.0.0
REC-0106,monthly_benchmark_return,DEMOFUND,bench_return_m,RAIH,0.008,%,USD,1,2026-03-31,2026-03-01,2026-03-31,M,Monthly,workbook,Inputs_Portfolio,benchmark grid,synthetic generator,2026-08-04,n/a,TWR,net,final,BM-RAIH,,ok,,1.0.0
REC-0107,monthly_benchmark_return,DEMOFUND,bench_return_m,RRM,0.0049,%,USD,1,2026-03-31,2026-03-01,2026-03-31,M,Monthly,workbook,Inputs_Portfolio,benchmark grid,synthetic generator,2026-08-04,n/a,TWR,net,final,BM-RRM,,ok,,1.0.0
REC-0108,monthly_benchmark_return,DEMOFUND,bench_return_m,TOTAL,0.009169,%,USD,1,2026-03-31,2026-03-01,2026-03-31,M,Monthly,workbook,Calc_Returns,policy-weighted benchmark,workbook formulas,2026-08-04,n/a,TWR,net,final,BM-TOTAL,policy_weighted_sum,ok,,1.0.0
REC-0109,monthly_return,DEMOFUND,net_return_m,GROWTH,0.0277,%,USD,1,2026-04-30,2026-04-01,2026-04-30,M,Monthly,workbook,Inputs_Portfolio,monthly returns grid,synthetic generator,2026-08-04,IBOR,TWR,net,final,,monthly_net_return,ok,,1.0.0
REC-0110,monthly_return,DEMOFUND,net_return_m,CREDIT,0.0073,%,USD,1,2026-04-30,2026-04-01,2026-04-30,M,Monthly,workbook,Inputs_Portfolio,monthly returns grid,synthetic generator,2026-08-04,IBOR,TWR,net,final,,monthly_net_return,ok,,1.0.0
REC-0111,monthly_return,DEMOFUND,net_return_m,RAIH,0.0274,%,USD,1,2026-04-30,2026-04-01,2026-04-30,M,Monthly,workbook,Inputs_Portfolio,monthly returns grid,synthetic generator,2026-08-04,IBOR,TWR,net,final,,monthly_net_return,ok,,1.0.0
REC-0112,monthly_return,DEMOFUND,net_return_m,RRM,-0.0114,%,USD,1,2026-04-30,2026-04-01,2026-04-30,M,Monthly,workbook,Inputs_Portfolio,monthly returns grid,synthetic generator,2026-08-04,IBOR,TWR,net,final,,monthly_net_return,ok,,1.0.0
REC-0113,monthly_return,DEMOFUND,net_return_m,OVERLAY,-0.0037,%,USD,1,2026-04-30,2026-04-01,2026-04-30,M,Monthly,workbook,Inputs_Portfolio,monthly returns grid,synthetic generator,2026-08-04,IBOR,TWR,net,final,,monthly_net_return,ok,,1.0.0
REC-0114,monthly_return,DEMOFUND,net_return_m,OTHER,0,%,USD,1,2026-04-30,2026-04-01,2026-04-30,M,Monthly,workbook,Inputs_Portfolio,monthly returns grid,synthetic generator,2026-08-04,IBOR,TWR,net,final,,monthly_net_return,ok,,1.0.0
REC-0115,monthly_return,DEMOFUND,net_return_m,TOTAL,0.01588166557,%,USD,1,2026-04-30,2026-04-01,2026-04-30,M,Monthly,workbook,Calc_Returns,TF monthly SUMPRODUCT,workbook formulas,2026-08-04,IBOR,TWR,net,final,,bop_weighted_sum,ok,,1.0.0
REC-0116,monthly_benchmark_return,DEMOFUND,bench_return_m,GROWTH,0.0306,%,USD,1,2026-04-30,2026-04-01,2026-04-30,M,Monthly,workbook,Inputs_Portfolio,benchmark grid,synthetic generator,2026-08-04,n/a,TWR,net,final,BM-GROWTH,,ok,,1.0.0
REC-0117,monthly_benchmark_return,DEMOFUND,bench_return_m,CREDIT,0.01,%,USD,1,2026-04-30,2026-04-01,2026-04-30,M,Monthly,workbook,Inputs_Portfolio,benchmark grid,synthetic generator,2026-08-04,n/a,TWR,net,final,BM-CREDIT,,ok,,1.0.0
REC-0118,monthly_benchmark_return,DEMOFUND,bench_return_m,RAIH,0.0271,%,USD,1,2026-04-30,2026-04-01,2026-04-30,M,Monthly,workbook,Inputs_Portfolio,benchmark grid,synthetic generator,2026-08-04,n/a,TWR,net,final,BM-RAIH,,ok,,1.0.0
REC-0119,monthly_benchmark_return,DEMOFUND,bench_return_m,RRM,-0.0127,%,USD,1,2026-04-30,2026-04-01,2026-04-30,M,Monthly,workbook,Inputs_Portfolio,benchmark grid,synthetic generator,2026-08-04,n/a,TWR,net,final,BM-RRM,,ok,,1.0.0
REC-0120,monthly_benchmark_return,DEMOFUND,bench_return_m,TOTAL,0.017005,%,USD,1,2026-04-30,2026-04-01,2026-04-30,M,Monthly,workbook,Calc_Returns,policy-weighted benchmark,workbook formulas,2026-08-04,n/a,TWR,net,final,BM-TOTAL,policy_weighted_sum,ok,,1.0.0
REC-0121,monthly_return,DEMOFUND,net_return_m,GROWTH,0.0345,%,USD,1,2026-05-31,2026-05-01,2026-05-31,M,Monthly,workbook,Inputs_Portfolio,monthly returns grid,synthetic generator,2026-08-04,IBOR,TWR,net,final,,monthly_net_return,ok,,1.0.0
REC-0122,monthly_return,DEMOFUND,net_return_m,CREDIT,-0.0063,%,USD,1,2026-05-31,2026-05-01,2026-05-31,M,Monthly,workbook,Inputs_Portfolio,monthly returns grid,synthetic generator,2026-08-04,IBOR,TWR,net,final,,monthly_net_return,ok,,1.0.0
REC-0123,monthly_return,DEMOFUND,net_return_m,RAIH,0.0094,%,USD,1,2026-05-31,2026-05-01,2026-05-31,M,Monthly,workbook,Inputs_Portfolio,monthly returns grid,synthetic generator,2026-08-04,IBOR,TWR,net,final,,monthly_net_return,ok,,1.0.0
REC-0124,monthly_return,DEMOFUND,net_return_m,RRM,0.0078,%,USD,1,2026-05-31,2026-05-01,2026-05-31,M,Monthly,workbook,Inputs_Portfolio,monthly returns grid,synthetic generator,2026-08-04,IBOR,TWR,net,final,,monthly_net_return,ok,,1.0.0
REC-0125,monthly_return,DEMOFUND,net_return_m,OVERLAY,0.0032,%,USD,1,2026-05-31,2026-05-01,2026-05-31,M,Monthly,workbook,Inputs_Portfolio,monthly returns grid,synthetic generator,2026-08-04,IBOR,TWR,net,final,,monthly_net_return,ok,,1.0.0
REC-0126,monthly_return,DEMOFUND,net_return_m,OTHER,0,%,USD,1,2026-05-31,2026-05-01,2026-05-31,M,Monthly,workbook,Inputs_Portfolio,monthly returns grid,synthetic generator,2026-08-04,IBOR,TWR,net,final,,monthly_net_return,ok,,1.0.0
REC-0127,monthly_return,DEMOFUND,net_return_m,TOTAL,0.01907864387,%,USD,1,2026-05-31,2026-05-01,2026-05-31,M,Monthly,workbook,Calc_Returns,TF monthly SUMPRODUCT,workbook formulas,2026-08-04,IBOR,TWR,net,final,,bop_weighted_sum,ok,,1.0.0
REC-0128,monthly_benchmark_return,DEMOFUND,bench_return_m,GROWTH,0.0364,%,USD,1,2026-05-31,2026-05-01,2026-05-31,M,Monthly,workbook,Inputs_Portfolio,benchmark grid,synthetic generator,2026-08-04,n/a,TWR,net,final,BM-GROWTH,,ok,,1.0.0
REC-0129,monthly_benchmark_return,DEMOFUND,bench_return_m,CREDIT,-0.0018,%,USD,1,2026-05-31,2026-05-01,2026-05-31,M,Monthly,workbook,Inputs_Portfolio,benchmark grid,synthetic generator,2026-08-04,n/a,TWR,net,final,BM-CREDIT,,ok,,1.0.0
REC-0130,monthly_benchmark_return,DEMOFUND,bench_return_m,RAIH,0.0091,%,USD,1,2026-05-31,2026-05-01,2026-05-31,M,Monthly,workbook,Inputs_Portfolio,benchmark grid,synthetic generator,2026-08-04,n/a,TWR,net,final,BM-RAIH,,ok,,1.0.0
REC-0131,monthly_benchmark_return,DEMOFUND,bench_return_m,RRM,0.0053,%,USD,1,2026-05-31,2026-05-01,2026-05-31,M,Monthly,workbook,Inputs_Portfolio,benchmark grid,synthetic generator,2026-08-04,n/a,TWR,net,final,BM-RRM,,ok,,1.0.0
REC-0132,monthly_benchmark_return,DEMOFUND,bench_return_m,TOTAL,0.019875,%,USD,1,2026-05-31,2026-05-01,2026-05-31,M,Monthly,workbook,Calc_Returns,policy-weighted benchmark,workbook formulas,2026-08-04,n/a,TWR,net,final,BM-TOTAL,policy_weighted_sum,ok,,1.0.0
REC-0133,monthly_return,DEMOFUND,net_return_m,GROWTH,0.0132,%,USD,1,2026-06-30,2026-06-01,2026-06-30,M,Monthly,workbook,Inputs_Portfolio,monthly returns grid,synthetic generator,2026-08-04,IBOR,TWR,net,final,,monthly_net_return,ok,,1.0.0
REC-0134,monthly_return,DEMOFUND,net_return_m,CREDIT,0.004,%,USD,1,2026-06-30,2026-06-01,2026-06-30,M,Monthly,workbook,Inputs_Portfolio,monthly returns grid,synthetic generator,2026-08-04,IBOR,TWR,net,final,,monthly_net_return,ok,,1.0.0
REC-0135,monthly_return,DEMOFUND,net_return_m,RAIH,-0.0021,%,USD,1,2026-06-30,2026-06-01,2026-06-30,M,Monthly,workbook,Inputs_Portfolio,monthly returns grid,synthetic generator,2026-08-04,IBOR,TWR,net,final,,monthly_net_return,ok,,1.0.0
REC-0136,monthly_return,DEMOFUND,net_return_m,RRM,-0.0028,%,USD,1,2026-06-30,2026-06-01,2026-06-30,M,Monthly,workbook,Inputs_Portfolio,monthly returns grid,synthetic generator,2026-08-04,IBOR,TWR,net,final,,monthly_net_return,ok,,1.0.0
REC-0137,monthly_return,DEMOFUND,net_return_m,OVERLAY,0.004,%,USD,1,2026-06-30,2026-06-01,2026-06-30,M,Monthly,workbook,Inputs_Portfolio,monthly returns grid,synthetic generator,2026-08-04,IBOR,TWR,net,final,,monthly_net_return,ok,,1.0.0
REC-0138,monthly_return,DEMOFUND,net_return_m,OTHER,0,%,USD,1,2026-06-30,2026-06-01,2026-06-30,M,Monthly,workbook,Inputs_Portfolio,monthly returns grid,synthetic generator,2026-08-04,IBOR,TWR,net,final,,monthly_net_return,ok,,1.0.0
REC-0139,monthly_return,DEMOFUND,net_return_m,TOTAL,0.006176623597,%,USD,1,2026-06-30,2026-06-01,2026-06-30,M,Monthly,workbook,Calc_Returns,TF monthly SUMPRODUCT,workbook formulas,2026-08-04,IBOR,TWR,net,final,,bop_weighted_sum,ok,,1.0.0
REC-0140,monthly_benchmark_return,DEMOFUND,bench_return_m,GROWTH,0.0108,%,USD,1,2026-06-30,2026-06-01,2026-06-30,M,Monthly,workbook,Inputs_Portfolio,benchmark grid,synthetic generator,2026-08-04,n/a,TWR,net,final,BM-GROWTH,,ok,,1.0.0
REC-0141,monthly_benchmark_return,DEMOFUND,bench_return_m,CREDIT,0.008,%,USD,1,2026-06-30,2026-06-01,2026-06-30,M,Monthly,workbook,Inputs_Portfolio,benchmark grid,synthetic generator,2026-08-04,n/a,TWR,net,final,BM-CREDIT,,ok,,1.0.0
REC-0142,monthly_benchmark_return,DEMOFUND,bench_return_m,RAIH,0.0006,%,USD,1,2026-06-30,2026-06-01,2026-06-30,M,Monthly,workbook,Inputs_Portfolio,benchmark grid,synthetic generator,2026-08-04,n/a,TWR,net,final,BM-RAIH,,ok,,1.0.0
REC-0143,monthly_benchmark_return,DEMOFUND,bench_return_m,RRM,-0.0017,%,USD,1,2026-06-30,2026-06-01,2026-06-30,M,Monthly,workbook,Inputs_Portfolio,benchmark grid,synthetic generator,2026-08-04,n/a,TWR,net,final,BM-RRM,,ok,,1.0.0
REC-0144,monthly_benchmark_return,DEMOFUND,bench_return_m,TOTAL,0.005906,%,USD,1,2026-06-30,2026-06-01,2026-06-30,M,Monthly,workbook,Calc_Returns,policy-weighted benchmark,workbook formulas,2026-08-04,n/a,TWR,net,final,BM-TOTAL,policy_weighted_sum,ok,,1.0.0
REC-0145,period_return,DEMOFUND,net_return,TOTAL,0.006176623597,%,USD,1,2026-06-30,2026-06-01,2026-06-30,1M,Monthly,workbook,Calc_Returns,period results,workbook formulas,2026-08-04,IBOR,TWR,net,final,,chain_linked,ok,,1.0.0
REC-0146,period_return,DEMOFUND,bench_return,TOTAL,0.005906,%,USD,1,2026-06-30,2026-06-01,2026-06-30,1M,Monthly,workbook,Calc_Returns,period results,workbook formulas,2026-08-04,n/a,TWR,net,final,BM-TOTAL,chain_linked,ok,,1.0.0
REC-0147,period_return,DEMOFUND,hurdle_return,TOTAL,0.005458130457,%,USD,1,2026-06-30,2026-06-01,2026-06-30,1M,Monthly,workbook,Policy_Targets,hurdle assumption,synthetic assumption,2026-08-04,n/a,n/a,n/a,final,,geometric_scaling,ok,,1.0.0
REC-0148,period_return,DEMOFUND,net_return,TOTAL,0.04165774186,%,USD,1,2026-06-30,2026-04-01,2026-06-30,QTD,Monthly,workbook,Calc_Returns,period results,workbook formulas,2026-08-04,IBOR,TWR,net,final,,chain_linked,ok,,1.0.0
REC-0149,period_return,DEMOFUND,bench_return,TOTAL,0.04334378373,%,USD,1,2026-06-30,2026-04-01,2026-06-30,QTD,Monthly,workbook,Calc_Returns,period results,workbook formulas,2026-08-04,n/a,TWR,net,final,BM-TOTAL,chain_linked,ok,,1.0.0
REC-0150,period_return,DEMOFUND,hurdle_return,TOTAL,0.01646392754,%,USD,1,2026-06-30,2026-04-01,2026-06-30,QTD,Monthly,workbook,Policy_Targets,hurdle assumption,synthetic assumption,2026-08-04,n/a,n/a,n/a,final,,geometric_scaling,ok,,1.0.0
REC-0151,period_return,DEMOFUND,net_return,TOTAL,0.1241172463,%,USD,1,2026-06-30,2025-07-01,2026-06-30,FYTD,Monthly,workbook,Calc_Returns,period results,workbook formulas,2026-08-04,IBOR,TWR,net,final,,chain_linked,ok,,1.0.0
REC-0152,period_return,DEMOFUND,bench_return,TOTAL,0.1257295026,%,USD,1,2026-06-30,2025-07-01,2026-06-30,FYTD,Monthly,workbook,Calc_Returns,period results,workbook formulas,2026-08-04,n/a,TWR,net,final,BM-TOTAL,chain_linked,ok,,1.0.0
REC-0153,period_return,DEMOFUND,hurdle_return,TOTAL,0.0675,%,USD,1,2026-06-30,2025-07-01,2026-06-30,FYTD,Monthly,workbook,Policy_Targets,hurdle assumption,synthetic assumption,2026-08-04,n/a,n/a,n/a,final,,geometric_scaling,ok,,1.0.0
REC-0154,allocation,DEMOFUND,emv,GROWTH,5604.986626,$mm,USD,mm,2026-06-30,,,M,Monthly,workbook,Calc_Allocation,EMV link,workbook formulas,2026-08-04,IBOR,n/a,n/a,final,,,ok,,1.0.0
REC-0155,allocation,DEMOFUND,weight_actual,GROWTH,0.4986122795,%,USD,1,2026-06-30,,,M,Monthly,workbook,Calc_Allocation,actual %,workbook formulas,2026-08-04,n/a,n/a,n/a,final,,,ok,,1.0.0
REC-0156,allocation,DEMOFUND,weight_target,GROWTH,0.48,%,USD,1,2026-06-30,,,M,Monthly,workbook,Policy_Targets,effective-dated target,synthetic assumption,2026-08-04,n/a,n/a,n/a,final,,,ok,,1.0.0
REC-0157,allocation,DEMOFUND,over_under_pct,GROWTH,0.01861227949,%,USD,1,2026-06-30,,,M,Monthly,workbook,Calc_Allocation,over/under,workbook formulas,2026-08-04,n/a,n/a,n/a,final,,,ok,,1.0.0
REC-0158,allocation,DEMOFUND,emv,CREDIT,1521.110166,$mm,USD,mm,2026-06-30,,,M,Monthly,workbook,Calc_Allocation,EMV link,workbook formulas,2026-08-04,IBOR,n/a,n/a,final,,,ok,,1.0.0
REC-0159,allocation,DEMOFUND,weight_actual,CREDIT,0.1353159709,%,USD,1,2026-06-30,,,M,Monthly,workbook,Calc_Allocation,actual %,workbook formulas,2026-08-04,n/a,n/a,n/a,final,,,ok,,1.0.0
REC-0160,allocation,DEMOFUND,weight_target,CREDIT,0.13,%,USD,1,2026-06-30,,,M,Monthly,workbook,Policy_Targets,effective-dated target,synthetic assumption,2026-08-04,n/a,n/a,n/a,final,,,ok,,1.0.0
REC-0161,allocation,DEMOFUND,over_under_pct,CREDIT,0.005315970869,%,USD,1,2026-06-30,,,M,Monthly,workbook,Calc_Allocation,over/under,workbook formulas,2026-08-04,n/a,n/a,n/a,final,,,ok,,1.0.0
REC-0162,allocation,DEMOFUND,emv,RAIH,1659.654796,$mm,USD,mm,2026-06-30,,,M,Monthly,workbook,Calc_Allocation,EMV link,workbook formulas,2026-08-04,IBOR,n/a,n/a,final,,,ok,,1.0.0
REC-0163,allocation,DEMOFUND,weight_actual,RAIH,0.14764072,%,USD,1,2026-06-30,,,M,Monthly,workbook,Calc_Allocation,actual %,workbook formulas,2026-08-04,n/a,n/a,n/a,final,,,ok,,1.0.0
REC-0164,allocation,DEMOFUND,weight_target,RAIH,0.15,%,USD,1,2026-06-30,,,M,Monthly,workbook,Policy_Targets,effective-dated target,synthetic assumption,2026-08-04,n/a,n/a,n/a,final,,,ok,,1.0.0
REC-0165,allocation,DEMOFUND,over_under_pct,RAIH,-0.002359280028,%,USD,1,2026-06-30,,,M,Monthly,workbook,Calc_Allocation,over/under,workbook formulas,2026-08-04,n/a,n/a,n/a,final,,,ok,,1.0.0
REC-0166,allocation,DEMOFUND,emv,RRM,2403.732331,$mm,USD,mm,2026-06-30,,,M,Monthly,workbook,Calc_Allocation,EMV link,workbook formulas,2026-08-04,IBOR,n/a,n/a,final,,,ok,,1.0.0
REC-0167,allocation,DEMOFUND,weight_actual,RRM,0.2138328843,%,USD,1,2026-06-30,,,M,Monthly,workbook,Calc_Allocation,actual %,workbook formulas,2026-08-04,n/a,n/a,n/a,final,,,ok,,1.0.0
REC-0168,allocation,DEMOFUND,weight_target,RRM,0.24,%,USD,1,2026-06-30,,,M,Monthly,workbook,Policy_Targets,effective-dated target,synthetic assumption,2026-08-04,n/a,n/a,n/a,final,,,ok,,1.0.0
REC-0169,allocation,DEMOFUND,over_under_pct,RRM,-0.02616711569,%,USD,1,2026-06-30,,,M,Monthly,workbook,Calc_Allocation,over/under,workbook formulas,2026-08-04,n/a,n/a,n/a,final,,,ok,,1.0.0
REC-0170,allocation,DEMOFUND,emv,OVERLAY,41.68854491,$mm,USD,mm,2026-06-30,,,M,Monthly,workbook,Calc_Allocation,EMV link,workbook formulas,2026-08-04,IBOR,n/a,n/a,final,,,ok,,1.0.0
REC-0171,allocation,DEMOFUND,weight_actual,OVERLAY,0.00370855843,%,USD,1,2026-06-30,,,M,Monthly,workbook,Calc_Allocation,actual %,workbook formulas,2026-08-04,n/a,n/a,n/a,final,,,ok,,1.0.0
REC-0172,allocation,DEMOFUND,weight_target,OVERLAY,0,%,USD,1,2026-06-30,,,M,Monthly,workbook,Policy_Targets,effective-dated target,synthetic assumption,2026-08-04,n/a,n/a,n/a,final,,,ok,,1.0.0
REC-0173,allocation,DEMOFUND,over_under_pct,OVERLAY,0.00370855843,%,USD,1,2026-06-30,,,M,Monthly,workbook,Calc_Allocation,over/under,workbook formulas,2026-08-04,n/a,n/a,n/a,final,,,ok,,1.0.0
REC-0174,allocation,DEMOFUND,emv,OTHER,10,$mm,USD,mm,2026-06-30,,,M,Monthly,workbook,Calc_Allocation,EMV link,workbook formulas,2026-08-04,IBOR,n/a,n/a,final,,,ok,,1.0.0
REC-0175,allocation,DEMOFUND,weight_actual,OTHER,0.000889586921,%,USD,1,2026-06-30,,,M,Monthly,workbook,Calc_Allocation,actual %,workbook formulas,2026-08-04,n/a,n/a,n/a,final,,,ok,,1.0.0
REC-0176,allocation,DEMOFUND,weight_target,OTHER,0,%,USD,1,2026-06-30,,,M,Monthly,workbook,Policy_Targets,effective-dated target,synthetic assumption,2026-08-04,n/a,n/a,n/a,final,,,ok,,1.0.0
REC-0177,allocation,DEMOFUND,over_under_pct,OTHER,0.000889586921,%,USD,1,2026-06-30,,,M,Monthly,workbook,Calc_Allocation,over/under,workbook formulas,2026-08-04,n/a,n/a,n/a,final,,,ok,,1.0.0
REC-0178,contribution_qtd,DEMOFUND,contribution,GROWTH,0.03672026354,%,USD,1,2026-06-30,2026-04-01,2026-06-30,QTD,Quarterly,workbook,Calc_Contribution,QTD contribution,workbook formulas,2026-08-04,n/a,n/a,n/a,final,,bop_weight_x_return_sum,ok,,1.0.0
REC-0179,contribution_qtd,DEMOFUND,contribution,CREDIT,0.00069015928,%,USD,1,2026-06-30,2026-04-01,2026-06-30,QTD,Quarterly,workbook,Calc_Contribution,QTD contribution,workbook formulas,2026-08-04,n/a,n/a,n/a,final,,bop_weight_x_return_sum,ok,,1.0.0
REC-0180,contribution_qtd,DEMOFUND,contribution,RAIH,0.005171984921,%,USD,1,2026-06-30,2026-04-01,2026-06-30,QTD,Quarterly,workbook,Calc_Contribution,QTD contribution,workbook formulas,2026-08-04,n/a,n/a,n/a,final,,bop_weight_x_return_sum,ok,,1.0.0
REC-0181,contribution_qtd,DEMOFUND,contribution,RRM,-0.001458178839,%,USD,1,2026-06-30,2026-04-01,2026-06-30,QTD,Quarterly,workbook,Calc_Contribution,QTD contribution,workbook formulas,2026-08-04,n/a,n/a,n/a,final,,bop_weight_x_return_sum,ok,,1.0.0
REC-0182,contribution_qtd,DEMOFUND,contribution,OVERLAY,1.270412774e-05,%,USD,1,2026-06-30,2026-04-01,2026-06-30,QTD,Quarterly,workbook,Calc_Contribution,QTD contribution,workbook formulas,2026-08-04,n/a,n/a,n/a,final,,bop_weight_x_return_sum,ok,,1.0.0
REC-0183,contribution_qtd,DEMOFUND,contribution,OTHER,0,%,USD,1,2026-06-30,2026-04-01,2026-06-30,QTD,Quarterly,workbook,Calc_Contribution,QTD contribution,workbook formulas,2026-08-04,n/a,n/a,n/a,final,,bop_weight_x_return_sum,ok,,1.0.0
REC-0184,contribution_qtd,DEMOFUND,contribution_arith_total,TOTAL,0.04113693303,%,USD,1,2026-06-30,2026-04-01,2026-06-30,QTD,Quarterly,workbook,Calc_Contribution,arithmetic total,workbook formulas,2026-08-04,n/a,n/a,n/a,final,,,ok,,1.0.0
REC-0185,contribution_qtd,DEMOFUND,return_chain_linked,TOTAL,0.04165774186,%,USD,1,2026-06-30,2026-04-01,2026-06-30,QTD,Quarterly,workbook,Calc_Returns,chain-linked QTD,workbook formulas,2026-08-04,n/a,n/a,n/a,final,,chain_linked,ok,,1.0.0
REC-0186,contribution_qtd,DEMOFUND,residual,TOTAL,0.0005208088344,%,USD,1,2026-06-30,2026-04-01,2026-06-30,QTD,Quarterly,workbook,Calc_Contribution,compounding residual,workbook formulas,2026-08-04,n/a,n/a,n/a,final,,,ok,,1.0.0
REC-0187,market_close,DEMOFUND,close,DEMO-EQ-GLOBAL,100.888,px,USD,1,2026-06-01,,,D,Daily,workbook,Inputs_Market,synthetic proxy series,synthetic generator,2026-08-04,n/a,n/a,n/a,final,,,ok,Growth,1.0.0
REC-0188,market_close,DEMOFUND,close,DEMO-EQ-SMALL,79.5942,px,USD,1,2026-06-01,,,D,Daily,workbook,Inputs_Market,synthetic proxy series,synthetic generator,2026-08-04,n/a,n/a,n/a,final,,,ok,Growth,1.0.0
REC-0189,market_close,DEMOFUND,close,DEMO-BOND-AGG,94.4689,px,USD,1,2026-06-01,,,D,Daily,workbook,Inputs_Market,synthetic proxy series,synthetic generator,2026-08-04,n/a,n/a,n/a,final,,,ok,Risk Reduction & Mitigation,1.0.0
REC-0190,market_close,DEMOFUND,close,DEMO-GOLD,120.401,px,USD,1,2026-06-01,,,D,Daily,workbook,Inputs_Market,synthetic proxy series,synthetic generator,2026-08-04,n/a,n/a,n/a,final,,,ok,Real Assets & Inflation Hedges,1.0.0
REC-0191,market_close,DEMOFUND,close,DEMO-OIL,60.2874,px,USD,1,2026-06-01,,,D,Daily,workbook,Inputs_Market,synthetic proxy series,synthetic generator,2026-08-04,n/a,n/a,n/a,final,,,ok,Real Assets & Inflation Hedges,1.0.0
REC-0192,market_close,DEMOFUND,close,DEMO-USD,27.898,px,USD,1,2026-06-01,,,D,Daily,workbook,Inputs_Market,synthetic proxy series,synthetic generator,2026-08-04,n/a,n/a,n/a,final,,,ok,Cross-portfolio / FX,1.0.0
REC-0193,market_close,DEMOFUND,close,DEMO-EQ-GLOBAL,100.3326,px,USD,1,2026-06-02,,,D,Daily,workbook,Inputs_Market,synthetic proxy series,synthetic generator,2026-08-04,n/a,n/a,n/a,final,,,ok,Growth,1.0.0
REC-0194,market_close,DEMOFUND,close,DEMO-EQ-SMALL,80.8391,px,USD,1,2026-06-02,,,D,Daily,workbook,Inputs_Market,synthetic proxy series,synthetic generator,2026-08-04,n/a,n/a,n/a,final,,,ok,Growth,1.0.0
REC-0195,market_close,DEMOFUND,close,DEMO-BOND-AGG,95.2874,px,USD,1,2026-06-02,,,D,Daily,workbook,Inputs_Market,synthetic proxy series,synthetic generator,2026-08-04,n/a,n/a,n/a,final,,,ok,Risk Reduction & Mitigation,1.0.0
REC-0196,market_close,DEMOFUND,close,DEMO-GOLD,120.4044,px,USD,1,2026-06-02,,,D,Daily,workbook,Inputs_Market,synthetic proxy series,synthetic generator,2026-08-04,n/a,n/a,n/a,final,,,ok,Real Assets & Inflation Hedges,1.0.0
REC-0197,market_close,DEMOFUND,close,DEMO-OIL,61.0107,px,USD,1,2026-06-02,,,D,Daily,workbook,Inputs_Market,synthetic proxy series,synthetic generator,2026-08-04,n/a,n/a,n/a,final,,,ok,Real Assets & Inflation Hedges,1.0.0
REC-0198,market_close,DEMOFUND,close,DEMO-USD,27.8639,px,USD,1,2026-06-02,,,D,Daily,workbook,Inputs_Market,synthetic proxy series,synthetic generator,2026-08-04,n/a,n/a,n/a,final,,,ok,Cross-portfolio / FX,1.0.0
REC-0199,market_close,DEMOFUND,close,DEMO-EQ-GLOBAL,99.1706,px,USD,1,2026-06-03,,,D,Daily,workbook,Inputs_Market,synthetic proxy series,synthetic generator,2026-08-04,n/a,n/a,n/a,final,,,ok,Growth,1.0.0
REC-0200,market_close,DEMOFUND,close,DEMO-EQ-SMALL,81.2244,px,USD,1,2026-06-03,,,D,Daily,workbook,Inputs_Market,synthetic proxy series,synthetic generator,2026-08-04,n/a,n/a,n/a,final,,,ok,Growth,1.0.0
REC-0201,market_close,DEMOFUND,close,DEMO-BOND-AGG,95.0067,px,USD,1,2026-06-03,,,D,Daily,workbook,Inputs_Market,synthetic proxy series,synthetic generator,2026-08-04,n/a,n/a,n/a,final,,,ok,Risk Reduction & Mitigation,1.0.0
REC-0202,market_close,DEMOFUND,close,DEMO-GOLD,121.2434,px,USD,1,2026-06-03,,,D,Daily,workbook,Inputs_Market,synthetic proxy series,synthetic generator,2026-08-04,n/a,n/a,n/a,final,,,ok,Real Assets & Inflation Hedges,1.0.0
REC-0203,market_close,DEMOFUND,close,DEMO-OIL,61.2998,px,USD,1,2026-06-03,,,D,Daily,workbook,Inputs_Market,synthetic proxy series,synthetic generator,2026-08-04,n/a,n/a,n/a,final,,,ok,Real Assets & Inflation Hedges,1.0.0
REC-0204,market_close,DEMOFUND,close,DEMO-USD,27.5066,px,USD,1,2026-06-03,,,D,Daily,workbook,Inputs_Market,synthetic proxy series,synthetic generator,2026-08-04,n/a,n/a,n/a,final,,,ok,Cross-portfolio / FX,1.0.0
REC-0205,market_close,DEMOFUND,close,DEMO-EQ-GLOBAL,98.4878,px,USD,1,2026-06-04,,,D,Daily,workbook,Inputs_Market,synthetic proxy series,synthetic generator,2026-08-04,n/a,n/a,n/a,final,,,ok,Growth,1.0.0
REC-0206,market_close,DEMOFUND,close,DEMO-EQ-SMALL,81.6592,px,USD,1,2026-06-04,,,D,Daily,workbook,Inputs_Market,synthetic proxy series,synthetic generator,2026-08-04,n/a,n/a,n/a,final,,,ok,Growth,1.0.0
REC-0207,market_close,DEMOFUND,close,DEMO-BOND-AGG,94.6865,px,USD,1,2026-06-04,,,D,Daily,workbook,Inputs_Market,synthetic proxy series,synthetic generator,2026-08-04,n/a,n/a,n/a,final,,,ok,Risk Reduction & Mitigation,1.0.0
REC-0208,market_close,DEMOFUND,close,DEMO-GOLD,121.0869,px,USD,1,2026-06-04,,,D,Daily,workbook,Inputs_Market,synthetic proxy series,synthetic generator,2026-08-04,n/a,n/a,n/a,final,,,ok,Real Assets & Inflation Hedges,1.0.0
REC-0209,market_close,DEMOFUND,close,DEMO-OIL,61.2257,px,USD,1,2026-06-04,,,D,Daily,workbook,Inputs_Market,synthetic proxy series,synthetic generator,2026-08-04,n/a,n/a,n/a,final,,,ok,Real Assets & Inflation Hedges,1.0.0
REC-0210,market_close,DEMOFUND,close,DEMO-USD,27.471,px,USD,1,2026-06-04,,,D,Daily,workbook,Inputs_Market,synthetic proxy series,synthetic generator,2026-08-04,n/a,n/a,n/a,final,,,ok,Cross-portfolio / FX,1.0.0
REC-0211,market_close,DEMOFUND,close,DEMO-EQ-GLOBAL,97.1086,px,USD,1,2026-06-05,,,D,Daily,workbook,Inputs_Market,synthetic proxy series,synthetic generator,2026-08-04,n/a,n/a,n/a,final,,,ok,Growth,1.0.0
REC-0212,market_close,DEMOFUND,close,DEMO-EQ-SMALL,81.9875,px,USD,1,2026-06-05,,,D,Daily,workbook,Inputs_Market,synthetic proxy series,synthetic generator,2026-08-04,n/a,n/a,n/a,final,,,ok,Growth,1.0.0
REC-0213,market_close,DEMOFUND,close,DEMO-BOND-AGG,94.766,px,USD,1,2026-06-05,,,D,Daily,workbook,Inputs_Market,synthetic proxy series,synthetic generator,2026-08-04,n/a,n/a,n/a,final,,,ok,Risk Reduction & Mitigation,1.0.0
REC-0214,market_close,DEMOFUND,close,DEMO-GOLD,120.1083,px,USD,1,2026-06-05,,,D,Daily,workbook,Inputs_Market,synthetic proxy series,synthetic generator,2026-08-04,n/a,n/a,n/a,final,,,ok,Real Assets & Inflation Hedges,1.0.0
REC-0215,market_close,DEMOFUND,close,DEMO-OIL,60.6289,px,USD,1,2026-06-05,,,D,Daily,workbook,Inputs_Market,synthetic proxy series,synthetic generator,2026-08-04,n/a,n/a,n/a,final,,,ok,Real Assets & Inflation Hedges,1.0.0
REC-0216,market_close,DEMOFUND,close,DEMO-USD,27.3623,px,USD,1,2026-06-05,,,D,Daily,workbook,Inputs_Market,synthetic proxy series,synthetic generator,2026-08-04,n/a,n/a,n/a,final,,,ok,Cross-portfolio / FX,1.0.0
REC-0217,market_close,DEMOFUND,close,DEMO-EQ-GLOBAL,97.6192,px,USD,1,2026-06-08,,,D,Daily,workbook,Inputs_Market,synthetic proxy series,synthetic generator,2026-08-04,n/a,n/a,n/a,final,,,ok,Growth,1.0.0
REC-0218,market_close,DEMOFUND,close,DEMO-EQ-SMALL,81.6552,px,USD,1,2026-06-08,,,D,Daily,workbook,Inputs_Market,synthetic proxy series,synthetic generator,2026-08-04,n/a,n/a,n/a,final,,,ok,Growth,1.0.0
REC-0219,market_close,DEMOFUND,close,DEMO-BOND-AGG,94.408,px,USD,1,2026-06-08,,,D,Daily,workbook,Inputs_Market,synthetic proxy series,synthetic generator,2026-08-04,n/a,n/a,n/a,final,,,ok,Risk Reduction & Mitigation,1.0.0
REC-0220,market_close,DEMOFUND,close,DEMO-GOLD,121.2876,px,USD,1,2026-06-08,,,D,Daily,workbook,Inputs_Market,synthetic proxy series,synthetic generator,2026-08-04,n/a,n/a,n/a,final,,,ok,Real Assets & Inflation Hedges,1.0.0
REC-0221,market_close,DEMOFUND,close,DEMO-OIL,60.1772,px,USD,1,2026-06-08,,,D,Daily,workbook,Inputs_Market,synthetic proxy series,synthetic generator,2026-08-04,n/a,n/a,n/a,final,,,ok,Real Assets & Inflation Hedges,1.0.0
REC-0222,market_close,DEMOFUND,close,DEMO-USD,27.6712,px,USD,1,2026-06-08,,,D,Daily,workbook,Inputs_Market,synthetic proxy series,synthetic generator,2026-08-04,n/a,n/a,n/a,final,,,ok,Cross-portfolio / FX,1.0.0
REC-0223,market_close,DEMOFUND,close,DEMO-EQ-GLOBAL,97.1312,px,USD,1,2026-06-09,,,D,Daily,workbook,Inputs_Market,synthetic proxy series,synthetic generator,2026-08-04,n/a,n/a,n/a,final,,,ok,Growth,1.0.0
REC-0224,market_close,DEMOFUND,close,DEMO-EQ-SMALL,81.356,px,USD,1,2026-06-09,,,D,Daily,workbook,Inputs_Market,synthetic proxy series,synthetic generator,2026-08-04,n/a,n/a,n/a,final,,,ok,Growth,1.0.0
REC-0225,market_close,DEMOFUND,close,DEMO-BOND-AGG,94.8571,px,USD,1,2026-06-09,,,D,Daily,workbook,Inputs_Market,synthetic proxy series,synthetic generator,2026-08-04,n/a,n/a,n/a,final,,,ok,Risk Reduction & Mitigation,1.0.0
REC-0226,market_close,DEMOFUND,close,DEMO-GOLD,120.9896,px,USD,1,2026-06-09,,,D,Daily,workbook,Inputs_Market,synthetic proxy series,synthetic generator,2026-08-04,n/a,n/a,n/a,final,,,ok,Real Assets & Inflation Hedges,1.0.0
REC-0227,market_close,DEMOFUND,close,DEMO-OIL,60.3191,px,USD,1,2026-06-09,,,D,Daily,workbook,Inputs_Market,synthetic proxy series,synthetic generator,2026-08-04,n/a,n/a,n/a,final,,,ok,Real Assets & Inflation Hedges,1.0.0
REC-0228,market_close,DEMOFUND,close,DEMO-USD,28.2196,px,USD,1,2026-06-09,,,D,Daily,workbook,Inputs_Market,synthetic proxy series,synthetic generator,2026-08-04,n/a,n/a,n/a,final,,,ok,Cross-portfolio / FX,1.0.0
REC-0229,market_close,DEMOFUND,close,DEMO-EQ-GLOBAL,96.2646,px,USD,1,2026-06-10,,,D,Daily,workbook,Inputs_Market,synthetic proxy series,synthetic generator,2026-08-04,n/a,n/a,n/a,final,,,ok,Growth,1.0.0
REC-0230,market_close,DEMOFUND,close,DEMO-EQ-SMALL,82.1866,px,USD,1,2026-06-10,,,D,Daily,workbook,Inputs_Market,synthetic proxy series,synthetic generator,2026-08-04,n/a,n/a,n/a,final,,,ok,Growth,1.0.0
REC-0231,market_close,DEMOFUND,close,DEMO-BOND-AGG,94.8388,px,USD,1,2026-06-10,,,D,Daily,workbook,Inputs_Market,synthetic proxy series,synthetic generator,2026-08-04,n/a,n/a,n/a,final,,,ok,Risk Reduction & Mitigation,1.0.0
REC-0232,market_close,DEMOFUND,close,DEMO-GOLD,122.4739,px,USD,1,2026-06-10,,,D,Daily,workbook,Inputs_Market,synthetic proxy series,synthetic generator,2026-08-04,n/a,n/a,n/a,final,,,ok,Real Assets & Inflation Hedges,1.0.0
REC-0233,market_close,DEMOFUND,close,DEMO-OIL,60.788,px,USD,1,2026-06-10,,,D,Daily,workbook,Inputs_Market,synthetic proxy series,synthetic generator,2026-08-04,n/a,n/a,n/a,final,,,ok,Real Assets & Inflation Hedges,1.0.0
REC-0234,market_close,DEMOFUND,close,DEMO-USD,27.8298,px,USD,1,2026-06-10,,,D,Daily,workbook,Inputs_Market,synthetic proxy series,synthetic generator,2026-08-04,n/a,n/a,n/a,final,,,ok,Cross-portfolio / FX,1.0.0
REC-0235,market_close,DEMOFUND,close,DEMO-EQ-GLOBAL,95.9763,px,USD,1,2026-06-11,,,D,Daily,workbook,Inputs_Market,synthetic proxy series,synthetic generator,2026-08-04,n/a,n/a,n/a,final,,,ok,Growth,1.0.0
REC-0236,market_close,DEMOFUND,close,DEMO-EQ-SMALL,81.3836,px,USD,1,2026-06-11,,,D,Daily,workbook,Inputs_Market,synthetic proxy series,synthetic generator,2026-08-04,n/a,n/a,n/a,final,,,ok,Growth,1.0.0
REC-0237,market_close,DEMOFUND,close,DEMO-BOND-AGG,94.3461,px,USD,1,2026-06-11,,,D,Daily,workbook,Inputs_Market,synthetic proxy series,synthetic generator,2026-08-04,n/a,n/a,n/a,final,,,ok,Risk Reduction & Mitigation,1.0.0
REC-0238,market_close,DEMOFUND,close,DEMO-GOLD,122.5808,px,USD,1,2026-06-11,,,D,Daily,workbook,Inputs_Market,synthetic proxy series,synthetic generator,2026-08-04,n/a,n/a,n/a,final,,,ok,Real Assets & Inflation Hedges,1.0.0
REC-0239,market_close,DEMOFUND,close,DEMO-OIL,60.8068,px,USD,1,2026-06-11,,,D,Daily,workbook,Inputs_Market,synthetic proxy series,synthetic generator,2026-08-04,n/a,n/a,n/a,final,,,ok,Real Assets & Inflation Hedges,1.0.0
REC-0240,market_close,DEMOFUND,close,DEMO-USD,27.8609,px,USD,1,2026-06-11,,,D,Daily,workbook,Inputs_Market,synthetic proxy series,synthetic generator,2026-08-04,n/a,n/a,n/a,final,,,ok,Cross-portfolio / FX,1.0.0
REC-0241,market_close,DEMOFUND,close,DEMO-EQ-GLOBAL,94.8348,px,USD,1,2026-06-12,,,D,Daily,workbook,Inputs_Market,synthetic proxy series,synthetic generator,2026-08-04,n/a,n/a,n/a,final,,,ok,Growth,1.0.0
REC-0242,market_close,DEMOFUND,close,DEMO-EQ-SMALL,81.2383,px,USD,1,2026-06-12,,,D,Daily,workbook,Inputs_Market,synthetic proxy series,synthetic generator,2026-08-04,n/a,n/a,n/a,final,,,ok,Growth,1.0.0
REC-0243,market_close,DEMOFUND,close,DEMO-BOND-AGG,94.7642,px,USD,1,2026-06-12,,,D,Daily,workbook,Inputs_Market,synthetic proxy series,synthetic generator,2026-08-04,n/a,n/a,n/a,final,,,ok,Risk Reduction & Mitigation,1.0.0
REC-0244,market_close,DEMOFUND,close,DEMO-GOLD,122.9699,px,USD,1,2026-06-12,,,D,Daily,workbook,Inputs_Market,synthetic proxy series,synthetic generator,2026-08-04,n/a,n/a,n/a,final,,,ok,Real Assets & Inflation Hedges,1.0.0
REC-0245,market_close,DEMOFUND,close,DEMO-OIL,60.8721,px,USD,1,2026-06-12,,,D,Daily,workbook,Inputs_Market,synthetic proxy series,synthetic generator,2026-08-04,n/a,n/a,n/a,final,,,ok,Real Assets & Inflation Hedges,1.0.0
REC-0246,market_close,DEMOFUND,close,DEMO-USD,27.9897,px,USD,1,2026-06-12,,,D,Daily,workbook,Inputs_Market,synthetic proxy series,synthetic generator,2026-08-04,n/a,n/a,n/a,final,,,ok,Cross-portfolio / FX,1.0.0
REC-0247,market_close,DEMOFUND,close,DEMO-EQ-GLOBAL,94.0477,px,USD,1,2026-06-15,,,D,Daily,workbook,Inputs_Market,synthetic proxy series,synthetic generator,2026-08-04,n/a,n/a,n/a,final,,,ok,Growth,1.0.0
REC-0248,market_close,DEMOFUND,close,DEMO-EQ-SMALL,81.2927,px,USD,1,2026-06-15,,,D,Daily,workbook,Inputs_Market,synthetic proxy series,synthetic generator,2026-08-04,n/a,n/a,n/a,final,,,ok,Growth,1.0.0
REC-0249,market_close,DEMOFUND,close,DEMO-BOND-AGG,95.134,px,USD,1,2026-06-15,,,D,Daily,workbook,Inputs_Market,synthetic proxy series,synthetic generator,2026-08-04,n/a,n/a,n/a,final,,,ok,Risk Reduction & Mitigation,1.0.0
REC-0250,market_close,DEMOFUND,close,DEMO-GOLD,123.7309,px,USD,1,2026-06-15,,,D,Daily,workbook,Inputs_Market,synthetic proxy series,synthetic generator,2026-08-04,n/a,n/a,n/a,final,,,ok,Real Assets & Inflation Hedges,1.0.0
REC-0251,market_close,DEMOFUND,close,DEMO-OIL,61.1839,px,USD,1,2026-06-15,,,D,Daily,workbook,Inputs_Market,synthetic proxy series,synthetic generator,2026-08-04,n/a,n/a,n/a,final,,,ok,Real Assets & Inflation Hedges,1.0.0
REC-0252,market_close,DEMOFUND,close,DEMO-USD,27.5295,px,USD,1,2026-06-15,,,D,Daily,workbook,Inputs_Market,synthetic proxy series,synthetic generator,2026-08-04,n/a,n/a,n/a,final,,,ok,Cross-portfolio / FX,1.0.0
REC-0253,market_close,DEMOFUND,close,DEMO-EQ-GLOBAL,94.9155,px,USD,1,2026-06-16,,,D,Daily,workbook,Inputs_Market,synthetic proxy series,synthetic generator,2026-08-04,n/a,n/a,n/a,final,,,ok,Growth,1.0.0
REC-0254,market_close,DEMOFUND,close,DEMO-EQ-SMALL,81.2378,px,USD,1,2026-06-16,,,D,Daily,workbook,Inputs_Market,synthetic proxy series,synthetic generator,2026-08-04,n/a,n/a,n/a,final,,,ok,Growth,1.0.0
REC-0255,market_close,DEMOFUND,close,DEMO-BOND-AGG,95.0535,px,USD,1,2026-06-16,,,D,Daily,workbook,Inputs_Market,synthetic proxy series,synthetic generator,2026-08-04,n/a,n/a,n/a,final,,,ok,Risk Reduction & Mitigation,1.0.0
REC-0256,market_close,DEMOFUND,close,DEMO-GOLD,122.2772,px,USD,1,2026-06-16,,,D,Daily,workbook,Inputs_Market,synthetic proxy series,synthetic generator,2026-08-04,n/a,n/a,n/a,final,,,ok,Real Assets & Inflation Hedges,1.0.0
REC-0257,market_close,DEMOFUND,close,DEMO-OIL,61.3726,px,USD,1,2026-06-16,,,D,Daily,workbook,Inputs_Market,synthetic proxy series,synthetic generator,2026-08-04,n/a,n/a,n/a,final,,,ok,Real Assets & Inflation Hedges,1.0.0
REC-0258,market_close,DEMOFUND,close,DEMO-USD,27.6766,px,USD,1,2026-06-16,,,D,Daily,workbook,Inputs_Market,synthetic proxy series,synthetic generator,2026-08-04,n/a,n/a,n/a,final,,,ok,Cross-portfolio / FX,1.0.0
REC-0259,market_close,DEMOFUND,close,DEMO-EQ-GLOBAL,94.6272,px,USD,1,2026-06-17,,,D,Daily,workbook,Inputs_Market,synthetic proxy series,synthetic generator,2026-08-04,n/a,n/a,n/a,final,,,ok,Growth,1.0.0
REC-0260,market_close,DEMOFUND,close,DEMO-EQ-SMALL,81.8226,px,USD,1,2026-06-17,,,D,Daily,workbook,Inputs_Market,synthetic proxy series,synthetic generator,2026-08-04,n/a,n/a,n/a,final,,,ok,Growth,1.0.0
REC-0261,market_close,DEMOFUND,close,DEMO-BOND-AGG,94.8754,px,USD,1,2026-06-17,,,D,Daily,workbook,Inputs_Market,synthetic proxy series,synthetic generator,2026-08-04,n/a,n/a,n/a,final,,,ok,Risk Reduction & Mitigation,1.0.0
REC-0262,market_close,DEMOFUND,close,DEMO-GOLD,123.6067,px,USD,1,2026-06-17,,,D,Daily,workbook,Inputs_Market,synthetic proxy series,synthetic generator,2026-08-04,n/a,n/a,n/a,final,,,ok,Real Assets & Inflation Hedges,1.0.0
REC-0263,market_close,DEMOFUND,close,DEMO-OIL,61.9863,px,USD,1,2026-06-17,,,D,Daily,workbook,Inputs_Market,synthetic proxy series,synthetic generator,2026-08-04,n/a,n/a,n/a,final,,,ok,Real Assets & Inflation Hedges,1.0.0
REC-0264,market_close,DEMOFUND,close,DEMO-USD,27.6301,px,USD,1,2026-06-17,,,D,Daily,workbook,Inputs_Market,synthetic proxy series,synthetic generator,2026-08-04,n/a,n/a,n/a,final,,,ok,Cross-portfolio / FX,1.0.0
REC-0265,market_close,DEMOFUND,close,DEMO-EQ-GLOBAL,94.1577,px,USD,1,2026-06-18,,,D,Daily,workbook,Inputs_Market,synthetic proxy series,synthetic generator,2026-08-04,n/a,n/a,n/a,final,,,ok,Growth,1.0.0
REC-0266,market_close,DEMOFUND,close,DEMO-EQ-SMALL,81.2642,px,USD,1,2026-06-18,,,D,Daily,workbook,Inputs_Market,synthetic proxy series,synthetic generator,2026-08-04,n/a,n/a,n/a,final,,,ok,Growth,1.0.0
REC-0267,market_close,DEMOFUND,close,DEMO-BOND-AGG,93.3918,px,USD,1,2026-06-18,,,D,Daily,workbook,Inputs_Market,synthetic proxy series,synthetic generator,2026-08-04,n/a,n/a,n/a,final,,,ok,Risk Reduction & Mitigation,1.0.0
REC-0268,market_close,DEMOFUND,close,DEMO-GOLD,124.5885,px,USD,1,2026-06-18,,,D,Daily,workbook,Inputs_Market,synthetic proxy series,synthetic generator,2026-08-04,n/a,n/a,n/a,final,,,ok,Real Assets & Inflation Hedges,1.0.0
REC-0269,market_close,DEMOFUND,close,DEMO-OIL,61.7016,px,USD,1,2026-06-18,,,D,Daily,workbook,Inputs_Market,synthetic proxy series,synthetic generator,2026-08-04,n/a,n/a,n/a,final,,,ok,Real Assets & Inflation Hedges,1.0.0
REC-0270,market_close,DEMOFUND,close,DEMO-USD,27.6467,px,USD,1,2026-06-18,,,D,Daily,workbook,Inputs_Market,synthetic proxy series,synthetic generator,2026-08-04,n/a,n/a,n/a,final,,,ok,Cross-portfolio / FX,1.0.0
REC-0271,market_close,DEMOFUND,close,DEMO-EQ-GLOBAL,94.1274,px,USD,1,2026-06-19,,,D,Daily,workbook,Inputs_Market,synthetic proxy series,synthetic generator,2026-08-04,n/a,n/a,n/a,final,,,ok,Growth,1.0.0
REC-0272,market_close,DEMOFUND,close,DEMO-EQ-SMALL,82.1086,px,USD,1,2026-06-19,,,D,Daily,workbook,Inputs_Market,synthetic proxy series,synthetic generator,2026-08-04,n/a,n/a,n/a,final,,,ok,Growth,1.0.0
REC-0273,market_close,DEMOFUND,close,DEMO-BOND-AGG,92.6942,px,USD,1,2026-06-19,,,D,Daily,workbook,Inputs_Market,synthetic proxy series,synthetic generator,2026-08-04,n/a,n/a,n/a,final,,,ok,Risk Reduction & Mitigation,1.0.0
REC-0274,market_close,DEMOFUND,close,DEMO-GOLD,124.9006,px,USD,1,2026-06-19,,,D,Daily,workbook,Inputs_Market,synthetic proxy series,synthetic generator,2026-08-04,n/a,n/a,n/a,final,,,ok,Real Assets & Inflation Hedges,1.0.0
REC-0275,market_close,DEMOFUND,close,DEMO-OIL,63.0773,px,USD,1,2026-06-19,,,D,Daily,workbook,Inputs_Market,synthetic proxy series,synthetic generator,2026-08-04,n/a,n/a,n/a,final,,,ok,Real Assets & Inflation Hedges,1.0.0
REC-0276,market_close,DEMOFUND,close,DEMO-USD,28.0348,px,USD,1,2026-06-19,,,D,Daily,workbook,Inputs_Market,synthetic proxy series,synthetic generator,2026-08-04,n/a,n/a,n/a,final,,,ok,Cross-portfolio / FX,1.0.0
REC-0277,market_close,DEMOFUND,close,DEMO-EQ-GLOBAL,94.4332,px,USD,1,2026-06-22,,,D,Daily,workbook,Inputs_Market,synthetic proxy series,synthetic generator,2026-08-04,n/a,n/a,n/a,final,,,ok,Growth,1.0.0
REC-0278,market_close,DEMOFUND,close,DEMO-EQ-SMALL,82.2936,px,USD,1,2026-06-22,,,D,Daily,workbook,Inputs_Market,synthetic proxy series,synthetic generator,2026-08-04,n/a,n/a,n/a,final,,,ok,Growth,1.0.0
REC-0279,market_close,DEMOFUND,close,DEMO-BOND-AGG,92.585,px,USD,1,2026-06-22,,,D,Daily,workbook,Inputs_Market,synthetic proxy series,synthetic generator,2026-08-04,n/a,n/a,n/a,final,,,ok,Risk Reduction & Mitigation,1.0.0
REC-0280,market_close,DEMOFUND,close,DEMO-GOLD,124.7047,px,USD,1,2026-06-22,,,D,Daily,workbook,Inputs_Market,synthetic proxy series,synthetic generator,2026-08-04,n/a,n/a,n/a,final,,,ok,Real Assets & Inflation Hedges,1.0.0
REC-0281,market_close,DEMOFUND,close,DEMO-OIL,63.2497,px,USD,1,2026-06-22,,,D,Daily,workbook,Inputs_Market,synthetic proxy series,synthetic generator,2026-08-04,n/a,n/a,n/a,final,,,ok,Real Assets & Inflation Hedges,1.0.0
REC-0282,market_close,DEMOFUND,close,DEMO-USD,28.3591,px,USD,1,2026-06-22,,,D,Daily,workbook,Inputs_Market,synthetic proxy series,synthetic generator,2026-08-04,n/a,n/a,n/a,final,,,ok,Cross-portfolio / FX,1.0.0
REC-0283,market_close,DEMOFUND,close,DEMO-EQ-GLOBAL,95.0981,px,USD,1,2026-06-23,,,D,Daily,workbook,Inputs_Market,synthetic proxy series,synthetic generator,2026-08-04,n/a,n/a,n/a,final,,,ok,Growth,1.0.0
REC-0284,market_close,DEMOFUND,close,DEMO-EQ-SMALL,83.9707,px,USD,1,2026-06-23,,,D,Daily,workbook,Inputs_Market,synthetic proxy series,synthetic generator,2026-08-04,n/a,n/a,n/a,final,,,ok,Growth,1.0.0
REC-0285,market_close,DEMOFUND,close,DEMO-BOND-AGG,93.2358,px,USD,1,2026-06-23,,,D,Daily,workbook,Inputs_Market,synthetic proxy series,synthetic generator,2026-08-04,n/a,n/a,n/a,final,,,ok,Risk Reduction & Mitigation,1.0.0
REC-0286,market_close,DEMOFUND,close,DEMO-GOLD,124.9252,px,USD,1,2026-06-23,,,D,Daily,workbook,Inputs_Market,synthetic proxy series,synthetic generator,2026-08-04,n/a,n/a,n/a,final,,,ok,Real Assets & Inflation Hedges,1.0.0
REC-0287,market_close,DEMOFUND,close,DEMO-OIL,63.1886,px,USD,1,2026-06-23,,,D,Daily,workbook,Inputs_Market,synthetic proxy series,synthetic generator,2026-08-04,n/a,n/a,n/a,final,,,ok,Real Assets & Inflation Hedges,1.0.0
REC-0288,market_close,DEMOFUND,close,DEMO-USD,28.763,px,USD,1,2026-06-23,,,D,Daily,workbook,Inputs_Market,synthetic proxy series,synthetic generator,2026-08-04,n/a,n/a,n/a,final,,,ok,Cross-portfolio / FX,1.0.0
REC-0289,market_close,DEMOFUND,close,DEMO-EQ-GLOBAL,95.753,px,USD,1,2026-06-24,,,D,Daily,workbook,Inputs_Market,synthetic proxy series,synthetic generator,2026-08-04,n/a,n/a,n/a,final,,,ok,Growth,1.0.0
REC-0290,market_close,DEMOFUND,close,DEMO-EQ-SMALL,83.5079,px,USD,1,2026-06-24,,,D,Daily,workbook,Inputs_Market,synthetic proxy series,synthetic generator,2026-08-04,n/a,n/a,n/a,final,,,ok,Growth,1.0.0
REC-0291,market_close,DEMOFUND,close,DEMO-BOND-AGG,93.3322,px,USD,1,2026-06-24,,,D,Daily,workbook,Inputs_Market,synthetic proxy series,synthetic generator,2026-08-04,n/a,n/a,n/a,final,,,ok,Risk Reduction & Mitigation,1.0.0
REC-0292,market_close,DEMOFUND,close,DEMO-GOLD,125.0981,px,USD,1,2026-06-24,,,D,Daily,workbook,Inputs_Market,synthetic proxy series,synthetic generator,2026-08-04,n/a,n/a,n/a,final,,,ok,Real Assets & Inflation Hedges,1.0.0
REC-0293,market_close,DEMOFUND,close,DEMO-OIL,62.9279,px,USD,1,2026-06-24,,,D,Daily,workbook,Inputs_Market,synthetic proxy series,synthetic generator,2026-08-04,n/a,n/a,n/a,final,,,ok,Real Assets & Inflation Hedges,1.0.0
REC-0294,market_close,DEMOFUND,close,DEMO-USD,28.5871,px,USD,1,2026-06-24,,,D,Daily,workbook,Inputs_Market,synthetic proxy series,synthetic generator,2026-08-04,n/a,n/a,n/a,final,,,ok,Cross-portfolio / FX,1.0.0
REC-0295,market_close,DEMOFUND,close,DEMO-EQ-GLOBAL,95.5533,px,USD,1,2026-06-25,,,D,Daily,workbook,Inputs_Market,synthetic proxy series,synthetic generator,2026-08-04,n/a,n/a,n/a,final,,,ok,Growth,1.0.0
REC-0296,market_close,DEMOFUND,close,DEMO-EQ-SMALL,82.5008,px,USD,1,2026-06-25,,,D,Daily,workbook,Inputs_Market,synthetic proxy series,synthetic generator,2026-08-04,n/a,n/a,n/a,final,,,ok,Growth,1.0.0
REC-0297,market_close,DEMOFUND,close,DEMO-BOND-AGG,93.322,px,USD,1,2026-06-25,,,D,Daily,workbook,Inputs_Market,synthetic proxy series,synthetic generator,2026-08-04,n/a,n/a,n/a,final,,,ok,Risk Reduction & Mitigation,1.0.0
REC-0298,market_close,DEMOFUND,close,DEMO-GOLD,124.1166,px,USD,1,2026-06-25,,,D,Daily,workbook,Inputs_Market,synthetic proxy series,synthetic generator,2026-08-04,n/a,n/a,n/a,final,,,ok,Real Assets & Inflation Hedges,1.0.0
REC-0299,market_close,DEMOFUND,close,DEMO-OIL,63.2017,px,USD,1,2026-06-25,,,D,Daily,workbook,Inputs_Market,synthetic proxy series,synthetic generator,2026-08-04,n/a,n/a,n/a,final,,,ok,Real Assets & Inflation Hedges,1.0.0
REC-0300,market_close,DEMOFUND,close,DEMO-USD,28.2947,px,USD,1,2026-06-25,,,D,Daily,workbook,Inputs_Market,synthetic proxy series,synthetic generator,2026-08-04,n/a,n/a,n/a,final,,,ok,Cross-portfolio / FX,1.0.0
REC-0301,market_close,DEMOFUND,close,DEMO-EQ-GLOBAL,96.1934,px,USD,1,2026-06-26,,,D,Daily,workbook,Inputs_Market,synthetic proxy series,synthetic generator,2026-08-04,n/a,n/a,n/a,final,,,ok,Growth,1.0.0
REC-0302,market_close,DEMOFUND,close,DEMO-EQ-SMALL,82.1867,px,USD,1,2026-06-26,,,D,Daily,workbook,Inputs_Market,synthetic proxy series,synthetic generator,2026-08-04,n/a,n/a,n/a,final,,,ok,Growth,1.0.0
REC-0303,market_close,DEMOFUND,close,DEMO-BOND-AGG,92.9351,px,USD,1,2026-06-26,,,D,Daily,workbook,Inputs_Market,synthetic proxy series,synthetic generator,2026-08-04,n/a,n/a,n/a,final,,,ok,Risk Reduction & Mitigation,1.0.0
REC-0304,market_close,DEMOFUND,close,DEMO-GOLD,122.7949,px,USD,1,2026-06-26,,,D,Daily,workbook,Inputs_Market,synthetic proxy series,synthetic generator,2026-08-04,n/a,n/a,n/a,final,,,ok,Real Assets & Inflation Hedges,1.0.0
REC-0305,market_close,DEMOFUND,close,DEMO-OIL,64.4109,px,USD,1,2026-06-26,,,D,Daily,workbook,Inputs_Market,synthetic proxy series,synthetic generator,2026-08-04,n/a,n/a,n/a,final,,,ok,Real Assets & Inflation Hedges,1.0.0
REC-0306,market_close,DEMOFUND,close,DEMO-USD,28.5316,px,USD,1,2026-06-26,,,D,Daily,workbook,Inputs_Market,synthetic proxy series,synthetic generator,2026-08-04,n/a,n/a,n/a,final,,,ok,Cross-portfolio / FX,1.0.0
REC-0307,market_close,DEMOFUND,close,DEMO-EQ-GLOBAL,94.3889,px,USD,1,2026-06-29,,,D,Daily,workbook,Inputs_Market,synthetic proxy series,synthetic generator,2026-08-04,n/a,n/a,n/a,final,,,ok,Growth,1.0.0
REC-0308,market_close,DEMOFUND,close,DEMO-EQ-SMALL,81.7305,px,USD,1,2026-06-29,,,D,Daily,workbook,Inputs_Market,synthetic proxy series,synthetic generator,2026-08-04,n/a,n/a,n/a,final,,,ok,Growth,1.0.0
REC-0309,market_close,DEMOFUND,close,DEMO-BOND-AGG,93.1068,px,USD,1,2026-06-29,,,D,Daily,workbook,Inputs_Market,synthetic proxy series,synthetic generator,2026-08-04,n/a,n/a,n/a,final,,,ok,Risk Reduction & Mitigation,1.0.0
REC-0310,market_close,DEMOFUND,close,DEMO-GOLD,123.2732,px,USD,1,2026-06-29,,,D,Daily,workbook,Inputs_Market,synthetic proxy series,synthetic generator,2026-08-04,n/a,n/a,n/a,final,,,ok,Real Assets & Inflation Hedges,1.0.0
REC-0311,market_close,DEMOFUND,close,DEMO-OIL,64.0515,px,USD,1,2026-06-29,,,D,Daily,workbook,Inputs_Market,synthetic proxy series,synthetic generator,2026-08-04,n/a,n/a,n/a,final,,,ok,Real Assets & Inflation Hedges,1.0.0
REC-0312,market_close,DEMOFUND,close,DEMO-USD,,px,USD,1,2026-06-29,,,D,Daily,workbook,Inputs_Market,synthetic proxy series,synthetic generator,2026-08-04,n/a,n/a,n/a,final,,,missing,Cross-portfolio / FX,1.0.0
REC-0313,market_close,DEMOFUND,close,DEMO-EQ-GLOBAL,93.3974,px,USD,1,2026-06-30,,,D,Daily,workbook,Inputs_Market,synthetic proxy series,synthetic generator,2026-08-04,n/a,n/a,n/a,final,,,ok,Growth,1.0.0
REC-0314,market_close,DEMOFUND,close,DEMO-EQ-SMALL,80.4862,px,USD,1,2026-06-30,,,D,Daily,workbook,Inputs_Market,synthetic proxy series,synthetic generator,2026-08-04,n/a,n/a,n/a,final,,,ok,Growth,1.0.0
REC-0315,market_close,DEMOFUND,close,DEMO-BOND-AGG,94.0087,px,USD,1,2026-06-30,,,D,Daily,workbook,Inputs_Market,synthetic proxy series,synthetic generator,2026-08-04,n/a,n/a,n/a,final,,,ok,Risk Reduction & Mitigation,1.0.0
REC-0316,market_close,DEMOFUND,close,DEMO-GOLD,123.9518,px,USD,1,2026-06-30,,,D,Daily,workbook,Inputs_Market,synthetic proxy series,synthetic generator,2026-08-04,n/a,n/a,n/a,final,,,ok,Real Assets & Inflation Hedges,1.0.0
REC-0317,market_close,DEMOFUND,close,DEMO-OIL,,px,USD,1,2026-06-30,,,D,Daily,workbook,Inputs_Market,synthetic proxy series,synthetic generator,2026-08-04,n/a,n/a,n/a,final,,,missing,Real Assets & Inflation Hedges,1.0.0
REC-0318,market_close,DEMOFUND,close,DEMO-USD,,px,USD,1,2026-06-30,,,D,Daily,workbook,Inputs_Market,synthetic proxy series,synthetic generator,2026-08-04,n/a,n/a,n/a,final,,,missing,Cross-portfolio / FX,1.0.0
REC-0319,public_reference,LACERA Pension Plan,"Total fund net TWR, FY ended Jun 30 2025",,0.097,%,USD,1,2025-06-30,2024-07-01,2025-06-30,FY,Ad Hoc,public_report,ACFR 2025,"ACFR 2025, Investment Results, printed p.110",LACERA ACFR 2025,2026-08-04,IBOR,TWR,net,final,,,ok,"quoted from ACFR 2025, Investment Results, printed p.110",1.0.0
REC-0320,public_reference,LACERA Pension Plan,"Total fund policy benchmark net TWR, FY ended Jun 30 2025",,0.097,%,USD,1,2025-06-30,2024-07-01,2025-06-30,FY,Ad Hoc,public_report,ACFR 2025,"ACFR 2025, Investment Results, printed p.110",LACERA ACFR 2025,2026-08-04,n/a,TWR,net,final,,,ok,"quoted from ACFR 2025, Investment Results, printed p.110",1.0.0
REC-0321,public_reference,LACERA Pension Plan,"Total investments (IBOR), Jun 30 2025",,85184786,$K,USD,k,2025-06-30,,,FY,Ad Hoc,public_report,ACFR 2025,"ACFR 2025, Investment Summary, printed p.108",LACERA ACFR 2025,2026-08-04,IBOR,n/a,n/a,final,,,ok,"quoted from ACFR 2025, Investment Summary, printed p.108",1.0.0
REC-0322,public_reference,LACERA OPEB Master Trust,"Total investments (IBOR), Jun 30 2025",,5025968,$K,USD,k,2025-06-30,,,FY,Ad Hoc,public_report,ACFR 2025,"ACFR 2025, Investment Summary, printed p.109",LACERA ACFR 2025,2026-08-04,IBOR,n/a,n/a,final,,,ok,"quoted from ACFR 2025, Investment Summary, printed p.109",1.0.0
REC-0323,public_reference,LACERA Pension Plan,"Annual money-weighted return net of investment expense, FY2025",,0.097,%,USD,1,2025-06-30,2024-07-01,2025-06-30,FY,Ad Hoc,public_report,ACFR 2025,"ACFR 2025, RSI, printed p.95",LACERA ACFR 2025,2026-08-04,n/a,MWR,net,final,,,ok,"quoted from ACFR 2025, RSI, printed p.95",1.0.0
REC-0324,public_reference,LACERA Pension Plan,"Total fund net return, quarter ended Mar 31 2026 (QTD)",,0.006,%,USD,1,2026-03-31,2026-01-01,2026-03-31,Q,Ad Hoc,public_report,Total Fund Performance Report Q1 2026,"Total Fund Performance Report Q1 2026, Summary, PDF p.6",LACERA / Meketa,2026-08-04,n/a,TWR,net,final,,,ok,"quoted from Total Fund Performance Report Q1 2026, Summary, PDF p.6",1.0.0
REC-0325,public_reference,LACERA Pension Plan,"Total fund ending market value, Mar 31 2026",,89631,$mm,USD,mm,2026-03-31,,,Q,Ad Hoc,public_report,Total Fund Performance Report Q1 2026,"Total Fund Performance Report Q1 2026, PDF p.4",LACERA / Meketa,2026-08-04,IBOR,n/a,n/a,final,,,ok,"quoted from Total Fund Performance Report Q1 2026, PDF p.4",1.0.0
REC-0326,public_reference,LACERA Pension Plan,"Total fund AUM, May 2026",,93.9,$B,USD,bn,2026-05-31,,,M,Ad Hoc,public_report,CIO Monthly Report July 2026,"CIO Monthly Report July 2026, PDF p.8",LACERA,2026-08-04,IBOR,n/a,n/a,final,,,ok,"quoted from CIO Monthly Report July 2026, PDF p.8",1.0.0
REC-0327,check_result,DEMOFUND,CHK-01,TOTAL,PASS,status,USD,1,2026-06-30,,,M,Monthly,workbook,Checks,Beginning weights sum to 100% every month (max abs deviation,workbook formulas,2026-08-04,n/a,n/a,n/a,final,,,ok,,1.0.0
REC-0328,check_result,DEMOFUND,CHK-02,TOTAL,PASS,status,USD,1,2026-06-30,,,M,Monthly,workbook,Checks,Contribution residual within tolerance,workbook formulas,2026-08-04,n/a,n/a,n/a,final,,,ok,,1.0.0
REC-0329,check_result,DEMOFUND,CHK-03,TOTAL,PASS,status,USD,1,2026-06-30,,,M,Monthly,workbook,Checks,Allocation actual % sums to 100%,workbook formulas,2026-08-04,n/a,n/a,n/a,final,,,ok,,1.0.0
REC-0330,check_result,DEMOFUND,CHK-04,TOTAL,PASS,status,USD,1,2026-06-30,,,M,Monthly,workbook,Checks,Policy target weights sum to 100% (both versions),workbook formulas,2026-08-04,n/a,n/a,n/a,final,,,ok,,1.0.0
REC-0331,check_result,DEMOFUND,CHK-05,TOTAL,PASS,status,USD,1,2026-06-30,,,M,Monthly,workbook,Checks,Internal transfers net to zero every month,workbook formulas,2026-08-04,n/a,n/a,n/a,final,,,ok,,1.0.0
REC-0332,check_result,DEMOFUND,CHK-06,TOTAL,WARN,status,USD,1,2026-06-30,,,M,Monthly,workbook,Checks,Market strip completeness (missing closes),workbook formulas,2026-08-04,n/a,n/a,n/a,final,,,ok,,1.0.0
REC-0333,check_result,DEMOFUND,CHK-07,TOTAL,WARN,status,USD,1,2026-06-30,,,M,Monthly,workbook,Checks,Market strip freshness (proxies with data on final business ,workbook formulas,2026-08-04,n/a,n/a,n/a,final,,,ok,,1.0.0
REC-0334,check_result,DEMOFUND,CHK-08,TOTAL,PASS,status,USD,1,2026-06-30,,,M,Monthly,workbook,Checks,Benchmark return coverage = 12 months x 4 categories,workbook formulas,2026-08-04,n/a,n/a,n/a,final,,,ok,,1.0.0
REC-0335,check_result,DEMOFUND,CHK-09,TOTAL,PASS,status,USD,1,2026-06-30,,,M,Monthly,workbook,Checks,Public reference rows fully sourced (blank source/as-of cell,workbook formulas,2026-08-04,n/a,n/a,n/a,final,,,ok,,1.0.0
REC-0336,check_result,DEMOFUND,CHK-10,TOTAL,PASS,status,USD,1,2026-06-30,,,M,Monthly,workbook,Checks,Crosswalk item count (structured reference),workbook formulas,2026-08-04,n/a,n/a,n/a,final,,,ok,,1.0.0
REC-0337,check_result,DEMOFUND,CHK-11,TOTAL,PASS,status,USD,1,2026-06-30,,,M,Monthly,workbook,Checks,QA control count (structured reference),workbook formulas,2026-08-04,n/a,n/a,n/a,final,,,ok,,1.0.0
REC-0338,check_result,DEMOFUND,CHK-12,TOTAL,PASS,status,USD,1,2026-06-30,,,M,Monthly,workbook,Checks,Export record count matches expected,workbook formulas,2026-08-04,n/a,n/a,n/a,final,,,ok,,1.0.0
